course_id,subject,ratings
1070968,Business Finance,1.5
1113822,Business Finance,5
1006314,Business Finance,2.5
1210588,Business Finance,1
1011058,Business Finance,2
192870,Business Finance,3
739964,Business Finance,3.5
403100,Business Finance,3
476268,Business Finance,2
1167710,Business Finance,1
592338,Business Finance,3
975046,Business Finance,2
742602,Business Finance,1.5
794151,Business Finance,2.5
1196544,Business Finance,1.5
504036,Business Finance,3
719698,Business Finance,3
564966,Business Finance,3
606928,Business Finance,1.5
58977,Business Finance,3.5
1242604,Business Finance,0.5
798740,Business Finance,3
506568,Business Finance,3
1020760,Business Finance,2
859742,Business Finance,4
383414,Business Finance,5
353044,Business Finance,4
447362,Business Finance,3.5
831066,Business Finance,3
1266306,Business Finance,2
1170894,Business Finance,1.5
948974,Business Finance,3.5
380970,Business Finance,4.5
1217778,Business Finance,1
1246208,Business Finance,1
434774,Business Finance,3
308690,Business Finance,5
888716,Business Finance,5
321410,Business Finance,5
965832,Business Finance,5
648826,Business Finance,5
1035472,Business Finance,4
1154754,Business Finance,3
627540,Business Finance,5
301442,Business Finance,5
640100,Business Finance,5
1247394,Business Finance,2
260470,Business Finance,5
1214702,Business Finance,1
848664,Business Finance,2.5
1142570,Business Finance,1
325834,Business Finance,2.5
411168,Business Finance,3.5
885974,Business Finance,1.5
1151092,Business Finance,1
358326,Business Finance,3
153210,Business Finance,3
834836,Business Finance,3.5
1171994,Business Finance,1
1239068,Business Finance,0.5
985922,Business Finance,5
765562,Business Finance,5
165964,Business Finance,4.5
855172,Business Finance,4
258232,Business Finance,5
994754,Business Finance,3.5
43319,Business Finance,5
408440,Business Finance,4.5
918688,Business Finance,3.5
308694,Business Finance,5
199450,Business Finance,3.5
401784,Business Finance,3.5
1122792,Business Finance,1.5
709500,Business Finance,3.5
285638,Business Finance,3.5
1135126,Business Finance,1.5
834558,Business Finance,3.5
551968,Business Finance,4
1005658,Business Finance,2
746432,Business Finance,3.5
1057242,Business Finance,2.5
284118,Business Finance,3.5
302562,Business Finance,4
596598,Business Finance,4
860890,Business Finance,2.5
951050,Business Finance,2.5
796450,Business Finance,2.5
502772,Business Finance,3.5
1102462,Business Finance,2.5
1062092,Business Finance,1.5
891484,Business Finance,3
1217064,Business Finance,1
382204,Business Finance,4
308696,Business Finance,4.5
474928,Business Finance,2
1148774,Business Finance,2.5
959144,Business Finance,0.5
1233350,Business Finance,1.5
572744,Business Finance,2
724062,Business Finance,1.5
474212,Business Finance,1.5
771276,Business Finance,2
388164,Business Finance,1
133536,Business Finance,5
655300,Business Finance,1
949504,Business Finance,1
265960,Business Finance,5
680044,Business Finance,2
923616,Business Finance,3.5
741898,Business Finance,1.5
381330,Business Finance,1.5
545918,Business Finance,1
191854,Business Finance,5
471546,Business Finance,1
866584,Business Finance,1.5
889824,Business Finance,2
1191504,Business Finance,1
585752,Business Finance,2
671578,Business Finance,2
151668,Business Finance,5
1105344,Business Finance,0.5
44836,Business Finance,3.5
840300,Business Finance,1
1100054,Business Finance,2
421054,Business Finance,1
528784,Business Finance,1
637430,Business Finance,2
236080,Business Finance,2
777444,Business Finance,5
474238,Business Finance,2.5
1245244,Business Finance,0.5
1051570,Business Finance,0.5
262370,Business Finance,3.5
1188178,Business Finance,1
824592,Business Finance,1.5
1147458,Business Finance,1
1243448,Business Finance,0.5
730414,Business Finance,3
252396,Business Finance,2.5
1198166,Business Finance,0.5
920604,Business Finance,3
215728,Business Finance,3
722174,Business Finance,2
48841,Business Finance,5
907444,Business Finance,3
317030,Business Finance,4.5
891490,Business Finance,3
1070886,Business Finance,2
812616,Business Finance,1
407984,Business Finance,3
214046,Business Finance,2
512400,Business Finance,1
377370,Business Finance,1.5
1175694,Business Finance,1
945750,Business Finance,2
1085580,Business Finance,1
1188410,Business Finance,0.5
402836,Business Finance,3
588764,Business Finance,1.5
576946,Business Finance,3.5
543242,Business Finance,4
502240,Business Finance,3.5
598266,Business Finance,1.5
814068,Business Finance,2.5
1076920,Business Finance,1
1103272,Business Finance,1
441112,Business Finance,2
1022108,Business Finance,1
1028030,Business Finance,2
1018380,Business Finance,2
575676,Business Finance,2.5
1105216,Business Finance,1
936328,Business Finance,2
43441,Business Finance,4
1103718,Business Finance,1
584410,Business Finance,2.5
625568,Business Finance,3
297742,Business Finance,3.5
24877,Business Finance,3.5
1188742,Business Finance,3
597716,Business Finance,2.5
415802,Business Finance,1
323950,Business Finance,3.5
488818,Business Finance,1.5
610890,Business Finance,1.5
638980,Business Finance,1.5
599684,Business Finance,1.5
332848,Business Finance,2.5
354324,Business Finance,1.5
379682,Business Finance,0.5
319020,Business Finance,2
713258,Business Finance,2
537884,Business Finance,0.5
919906,Business Finance,3.5
46010,Business Finance,2.5
777932,Business Finance,1.5
773934,Business Finance,2
221306,Business Finance,1
830994,Business Finance,1.5
723510,Business Finance,2
42643,Business Finance,3
411778,Business Finance,2
366514,Business Finance,1
471588,Business Finance,1
390096,Business Finance,0.5
607876,Business Finance,1.5
249950,Business Finance,3.5
792216,Business Finance,2
45139,Business Finance,2.5
692176,Business Finance,3.5
1224262,Business Finance,0.5
598094,Business Finance,1.5
40039,Business Finance,3
1266148,Business Finance,0
791422,Business Finance,1
352150,Business Finance,2
791436,Business Finance,1
537878,Business Finance,1
923184,Business Finance,1.5
476256,Business Finance,2
552504,Business Finance,2
537888,Business Finance,0.5
385686,Business Finance,1
738900,Business Finance,1
57415,Business Finance,2
155344,Business Finance,1
42491,Business Finance,2.5
511952,Business Finance,2
530246,Business Finance,2
862786,Business Finance,1.5
165122,Business Finance,0.5
530768,Business Finance,1.5
218416,Business Finance,1.5
619296,Business Finance,2
717278,Business Finance,1
445916,Business Finance,2.5
267984,Business Finance,1
180362,Business Finance,3
364810,Business Finance,3
692722,Business Finance,1.5
298558,Business Finance,3
480752,Business Finance,3
637922,Business Finance,2
337320,Business Finance,1.5
876646,Business Finance,1.5
529424,Business Finance,2
720814,Business Finance,1.5
515326,Business Finance,2
1218552,Business Finance,2
851106,Business Finance,3.5
429308,Business Finance,0.5
302450,Business Finance,0.5
1117834,Business Finance,0.5
190816,Business Finance,2
244000,Business Finance,0.5
429482,Business Finance,0.5
831940,Business Finance,0
833770,Business Finance,1
658764,Business Finance,0.5
707224,Business Finance,0.5
64739,Business Finance,1
907716,Business Finance,1
1030976,Business Finance,1
722682,Business Finance,2
1122146,Business Finance,0.5
808506,Business Finance,3
673016,Business Finance,3
358062,Business Finance,3.5
372234,Business Finance,2
822514,Business Finance,1.5
1045726,Business Finance,0.5
943426,Business Finance,1
46927,Business Finance,2.5
567070,Business Finance,1
867440,Business Finance,1.5
501996,Business Finance,1
1103590,Business Finance,0.5
1172370,Business Finance,0.5
673702,Business Finance,0.5
821108,Business Finance,0.5
863998,Business Finance,1
822926,Business Finance,1
666254,Business Finance,1
421546,Business Finance,3.5
518886,Business Finance,1
868128,Business Finance,1
986034,Business Finance,1
42642,Business Finance,2.5
471428,Business Finance,2
600206,Business Finance,1
283780,Business Finance,4
52118,Business Finance,1
42640,Business Finance,2.5
767256,Business Finance,1
843854,Business Finance,2
247558,Business Finance,1
696616,Business Finance,2
205810,Business Finance,5
507486,Business Finance,2
965306,Business Finance,2
1128662,Business Finance,1
1068986,Business Finance,2
627706,Business Finance,1
255280,Business Finance,2.5
628944,Business Finance,1
537886,Business Finance,1
517938,Business Finance,2
779678,Business Finance,1
494330,Business Finance,1.5
153926,Business Finance,1
806122,Business Finance,1.5
725658,Business Finance,0.5
1032234,Business Finance,1
996542,Business Finance,1
756520,Business Finance,1
768028,Business Finance,1
73030,Business Finance,1
476880,Business Finance,1
773060,Business Finance,1
552058,Business Finance,1.5
509512,Business Finance,1
497236,Business Finance,2
471556,Business Finance,0.5
403602,Business Finance,2
326948,Business Finance,1
537896,Business Finance,0.5
797762,Business Finance,1.5
674350,Business Finance,1
439362,Business Finance,2
42634,Business Finance,3
494800,Business Finance,2.5
1222836,Business Finance,0.5
990440,Business Finance,1.5
109988,Business Finance,1.5
815482,Business Finance,2
569436,Business Finance,1
803664,Business Finance,1
213154,Business Finance,1
484132,Business Finance,0.5
640062,Business Finance,2
363404,Business Finance,3.5
454724,Business Finance,0.5
702278,Business Finance,2
323196,Business Finance,1
1225686,Business Finance,0.5
443584,Business Finance,2
1034074,Business Finance,3
1209694,Business Finance,2
418732,Business Finance,5
757450,Business Finance,1.5
403468,Business Finance,2
761808,Business Finance,1.5
614510,Business Finance,0.5
519776,Business Finance,2.5
805336,Business Finance,3.5
828254,Business Finance,3.5
471440,Business Finance,1
478598,Business Finance,1.5
394636,Business Finance,1
512004,Business Finance,1
1194426,Business Finance,1
538540,Business Finance,1
406922,Business Finance,1.5
743914,Business Finance,2
419308,Business Finance,2
542028,Business Finance,2
482534,Business Finance,1.5
716136,Business Finance,1
737514,Business Finance,2
471446,Business Finance,1
920424,Business Finance,2
49886,Business Finance,3.5
292462,Business Finance,2
211874,Business Finance,1
754028,Business Finance,5
546924,Business Finance,2
105972,Business Finance,1.5
556068,Business Finance,1.5
1053272,Business Finance,2
1273896,Business Finance,0
317572,Business Finance,3
738910,Business Finance,2.5
1015274,Business Finance,0
934574,Business Finance,0.5
1110470,Business Finance,2
988804,Business Finance,1.5
529718,Business Finance,2.5
998872,Business Finance,1
1023670,Business Finance,1
571394,Business Finance,3.5
637176,Business Finance,3
677802,Business Finance,2.5
1084642,Business Finance,1
739390,Business Finance,3
1134864,Business Finance,1.5
489146,Business Finance,4
910650,Business Finance,2
1079040,Business Finance,1.5
109622,Business Finance,2.5
881378,Business Finance,3
474150,Business Finance,3
1046724,Business Finance,2
1095116,Business Finance,1.5
233900,Business Finance,2.5
116128,Business Finance,3
1249164,Business Finance,0
877106,Business Finance,0.5
65105,Business Finance,0.5
889066,Business Finance,0
28172,Business Finance,0
257996,Business Finance,0.5
811534,Business Finance,0
95176,Business Finance,0.5
880564,Business Finance,0
613944,Business Finance,0.5
1208148,Business Finance,0
24815,Business Finance,0.5
736836,Business Finance,1
462474,Business Finance,0.5
73938,Business Finance,0.5
158444,Business Finance,1
577198,Business Finance,0.5
993160,Business Finance,0.5
233294,Business Finance,1
281844,Business Finance,0.5
1072156,Business Finance,1
607362,Business Finance,0.5
1069866,Business Finance,1
25794,Business Finance,1
387348,Business Finance,0.5
475912,Business Finance,1
332690,Business Finance,0.5
830870,Business Finance,2
199822,Business Finance,2.5
56058,Business Finance,1
587232,Business Finance,1
398798,Business Finance,0.5
130366,Business Finance,1.5
530430,Business Finance,0.5
615204,Business Finance,1
441016,Business Finance,1
598722,Business Finance,2
1225674,Business Finance,0.5
1167536,Business Finance,1
979616,Business Finance,1
528488,Business Finance,2.5
832832,Business Finance,1.5
256094,Business Finance,1
975074,Business Finance,1
436488,Business Finance,2
72644,Business Finance,2.5
980408,Business Finance,2
343886,Business Finance,1
837322,Business Finance,0
1157298,Business Finance,0
1282064,Business Finance,0
1247992,Business Finance,0
1251582,Business Finance,0
1258666,Business Finance,0
1168172,Business Finance,0
1233314,Business Finance,0
1276182,Business Finance,0
1187084,Business Finance,0
1084454,Business Finance,0
885413,Business Finance,0
178602,Business Finance,2
601912,Business Finance,1
831170,Business Finance,2
327788,Business Finance,1
324656,Business Finance,1
1220862,Business Finance,0.5
403628,Business Finance,1.5
280842,Business Finance,1
306360,Business Finance,1
521234,Business Finance,0.5
327962,Business Finance,1
790034,Business Finance,1
400976,Business Finance,1
892446,Business Finance,0.5
322118,Business Finance,1
1029062,Business Finance,0.5
1048496,Business Finance,0.5
501502,Business Finance,0.5
74004,Business Finance,0.5
226084,Business Finance,2.5
968056,Business Finance,0.5
1107904,Business Finance,0.5
691180,Business Finance,0.5
843536,Business Finance,1
532836,Business Finance,2
493014,Business Finance,2
955748,Business Finance,3.5
49798,Business Finance,5
429662,Business Finance,3
97338,Business Finance,5
510178,Business Finance,0.5
1002282,Business Finance,2.5
706670,Business Finance,2
275294,Business Finance,1
594936,Business Finance,1.5
521342,Business Finance,2
828740,Business Finance,1
501960,Business Finance,2.5
486240,Business Finance,0.5
869652,Business Finance,1.5
1095700,Business Finance,1
169662,Business Finance,2
1041522,Business Finance,1
657130,Business Finance,1
774570,Business Finance,1
1078520,Business Finance,1
999262,Business Finance,1
100526,Business Finance,1
513046,Business Finance,0
309854,Business Finance,0
580068,Business Finance,0
304410,Business Finance,0
782256,Business Finance,0
826912,Business Finance,0
313512,Business Finance,0
759262,Business Finance,0
359926,Business Finance,0
591724,Business Finance,0
533458,Business Finance,0.5
1064904,Business Finance,0
484134,Business Finance,0.5
1046940,Business Finance,1
1107954,Business Finance,1
455452,Business Finance,2
1263966,Business Finance,0.5
658766,Business Finance,1.5
927442,Business Finance,1.5
972126,Business Finance,1
1031696,Business Finance,1.5
742106,Business Finance,1.5
355374,Business Finance,0.5
529828,Business Finance,2
538560,Business Finance,1.5
994666,Business Finance,0.5
389108,Business Finance,1
38456,Business Finance,1
282050,Business Finance,1.5
607800,Business Finance,1
832410,Business Finance,1.5
779000,Business Finance,2
180372,Business Finance,2
429952,Business Finance,1.5
172898,Business Finance,1
180360,Business Finance,2
713416,Business Finance,1
407658,Business Finance,1
572992,Business Finance,1
192724,Business Finance,0.5
469526,Business Finance,1.5
854764,Business Finance,0.5
754524,Business Finance,1
851288,Business Finance,1
363058,Business Finance,1
700080,Business Finance,1.5
637452,Business Finance,0.5
360916,Business Finance,1
375594,Business Finance,3
703770,Business Finance,2
602032,Business Finance,2
475032,Business Finance,2
925854,Business Finance,1
895936,Business Finance,2
399170,Business Finance,0.5
593460,Business Finance,3
1225564,Business Finance,1
774174,Business Finance,4.5
294292,Business Finance,3
189160,Business Finance,5
1000136,Business Finance,0
1232382,Business Finance,0
1058530,Business Finance,0
994118,Business Finance,0
621014,Business Finance,0.5
673750,Business Finance,0.5
390510,Business Finance,0
282044,Business Finance,0
118836,Business Finance,0
849632,Business Finance,0
904240,Business Finance,0
1165780,Business Finance,0
304424,Business Finance,0.5
1246684,Business Finance,0.5
591880,Business Finance,0.5
155616,Business Finance,0.5
1185936,Business Finance,0.5
65802,Business Finance,1
229360,Business Finance,0.5
159388,Business Finance,0.5
172298,Business Finance,0.5
570996,Business Finance,1
944594,Business Finance,0.5
81064,Business Finance,1
364034,Business Finance,1.5
119276,Business Finance,0.5
753610,Business Finance,0.5
616564,Business Finance,1.5
596026,Business Finance,1
1264512,Business Finance,0.5
499504,Business Finance,0.5
903326,Business Finance,2
412108,Business Finance,1.5
865630,Business Finance,1
1210062,Business Finance,0.5
1180960,Business Finance,0.5
660846,Business Finance,0.5
829206,Business Finance,0.5
385604,Business Finance,0.5
302468,Business Finance,1
331600,Business Finance,0.5
557436,Business Finance,0.5
1162656,Business Finance,0.5
389834,Business Finance,1
304414,Business Finance,0.5
55136,Business Finance,0.5
619792,Business Finance,0.5
505144,Business Finance,0.5
688244,Business Finance,1.5
642060,Business Finance,1
114518,Business Finance,3
1050168,Business Finance,1.5
666910,Business Finance,2
158830,Business Finance,3
577256,Business Finance,1
192576,Business Finance,1
662450,Business Finance,3
312834,Business Finance,3
44319,Business Finance,2
174800,Business Finance,1.5
1179546,Business Finance,0.5
1239206,Business Finance,0.5
1149564,Business Finance,0.5
79364,Business Finance,0.5
917172,Business Finance,0.5
1276364,Business Finance,0
1237912,Business Finance,0
531710,Business Finance,0.5
1021760,Business Finance,0.5
193916,Business Finance,0.5
74016,Business Finance,0.5
1073430,Business Finance,0.5
834606,Business Finance,1.5
629060,Business Finance,2
698278,Business Finance,2.5
975414,Business Finance,1.5
112296,Business Finance,1.5
536166,Business Finance,2
718338,Business Finance,3
996612,Business Finance,2
941120,Business Finance,1.5
498488,Business Finance,2
364566,Business Finance,0.5
600316,Business Finance,1.5
1136912,Business Finance,0.5
239416,Business Finance,0.5
722274,Business Finance,0.5
201942,Business Finance,0.5
355798,Business Finance,0
702800,Business Finance,0.5
425126,Business Finance,0.5
1013838,Business Finance,0.5
867682,Business Finance,1
239268,Business Finance,0
361286,Business Finance,0.5
1036456,Business Finance,0.5
617976,Business Finance,3
196620,Business Finance,5
667332,Business Finance,2
639126,Business Finance,2
53211,Business Finance,2.5
212952,Business Finance,2.5
1151398,Business Finance,1
1016420,Business Finance,1.5
1178820,Business Finance,1
881778,Business Finance,1
173462,Business Finance,2.5
648174,Business Finance,2
517466,Business Finance,0.5
304422,Business Finance,0.5
177214,Business Finance,1.5
73898,Business Finance,0.5
671548,Business Finance,0.5
504620,Business Finance,0.5
98706,Business Finance,1.5
364428,Business Finance,0.5
560472,Business Finance,0.5
682986,Business Finance,0.5
270844,Business Finance,3
507600,Business Finance,0.5
363078,Business Finance,1
933394,Business Finance,1
1090408,Business Finance,3.5
707688,Business Finance,1
544176,Business Finance,2.5
392478,Business Finance,1
613422,Business Finance,1
316750,Business Finance,2.5
884658,Business Finance,1.5
735550,Business Finance,2
770486,Business Finance,1
543212,Business Finance,2
804298,Business Finance,1
707054,Business Finance,0.5
964828,Business Finance,2
298522,Business Finance,2.5
1196728,Business Finance,0
255170,Business Finance,1
40670,Business Finance,1.5
737832,Business Finance,2
240256,Business Finance,2.5
931626,Business Finance,2
663022,Business Finance,1
1196816,Business Finance,0.5
202290,Business Finance,0.5
690546,Business Finance,1
560218,Business Finance,0.5
253810,Business Finance,2
420926,Business Finance,0.5
382824,Business Finance,1
73046,Business Finance,0.5
73860,Business Finance,2
191588,Business Finance,2
665866,Business Finance,1
73068,Business Finance,2.5
252950,Business Finance,1
760990,Business Finance,3
874312,Business Finance,1
373716,Business Finance,2
1275790,Business Finance,0.5
836926,Business Finance,2
1131122,Business Finance,1
595258,Business Finance,2.5
1269590,Business Finance,0.5
611420,Business Finance,1
941990,Business Finance,1.5
1119920,Business Finance,1
256200,Business Finance,2.5
207166,Business Finance,1
390472,Business Finance,2.5
575476,Business Finance,0.5
460652,Business Finance,1
157336,Business Finance,0.5
65110,Business Finance,1
987682,Business Finance,1
835212,Business Finance,0.5
882276,Business Finance,0.5
971110,Business Finance,1
414744,Business Finance,1
537286,Business Finance,0.5
1123226,Business Finance,1
1170626,Business Finance,1
1016996,Business Finance,3
1046992,Business Finance,2
929526,Business Finance,1.5
631276,Business Finance,1
86558,Business Finance,1
615600,Business Finance,0.5
799434,Business Finance,1
1088656,Business Finance,1.5
674354,Business Finance,1.5
1187758,Business Finance,1
548764,Business Finance,1
410576,Business Finance,0.5
501384,Business Finance,1
59725,Business Finance,0.5
47504,Business Finance,2
1257502,Business Finance,0.5
304426,Business Finance,1
581598,Business Finance,1
328842,Business Finance,1
541824,Business Finance,1
103144,Business Finance,1
937150,Business Finance,1
1215926,Business Finance,0
1035638,Business Finance,0
1249146,Business Finance,0
1233894,Business Finance,0
975910,Business Finance,0
1221942,Business Finance,0
1169196,Business Finance,0
1271182,Business Finance,0
1233302,Business Finance,0
1231958,Business Finance,0
837322,Business Finance,0
1157298,Business Finance,0
42645,Business Finance,2
355622,Business Finance,2.5
514036,Business Finance,1.5
45136,Business Finance,2.5
371574,Business Finance,1
915964,Business Finance,1
1209556,Business Finance,1
412856,Business Finance,1
42651,Business Finance,2.5
294914,Business Finance,1
219306,Business Finance,1.5
652768,Business Finance,0.5
42197,Business Finance,2
936298,Business Finance,1
885443,Business Finance,2
585208,Business Finance,1
386922,Business Finance,2.5
1023650,Business Finance,1
676764,Business Finance,2
696342,Business Finance,2
41145,Business Finance,2.5
145220,Business Finance,1
868686,Business Finance,1.5
745110,Business Finance,1
745832,Business Finance,0.5
43778,Business Finance,0.5
19653,Business Finance,0.5
1013190,Business Finance,0.5
824034,Business Finance,1
370440,Business Finance,0.5
312860,Business Finance,2
168358,Business Finance,1
721746,Business Finance,0.5
885342,Business Finance,2
811416,Business Finance,0.5
35131,Business Finance,1
570844,Business Finance,1
189996,Business Finance,4
716828,Business Finance,3
702138,Business Finance,2.5
130298,Business Finance,3
709536,Business Finance,3.5
706942,Business Finance,3.5
297762,Business Finance,2.5
614472,Business Finance,3
463834,Business Finance,1
934614,Business Finance,3
430968,Business Finance,1
305368,Business Finance,1
179446,Business Finance,2
443502,Business Finance,1
414246,Business Finance,3
571506,Business Finance,1
1101382,Business Finance,1
638966,Business Finance,2.5
757508,Business Finance,0.5
180384,Business Finance,1.5
812798,Business Finance,1
364206,Business Finance,0.5
742142,Business Finance,0.5
895030,Business Finance,1
516168,Business Finance,0.5
612528,Business Finance,0.5
597084,Business Finance,0.5
544556,Business Finance,0.5
953490,Business Finance,0.5
221872,Business Finance,1
662318,Business Finance,1
73044,Business Finance,1
714188,Business Finance,1
548044,Business Finance,1.5
498360,Business Finance,1
425338,Business Finance,1.5
164102,Business Finance,1
902888,Business Finance,1
245822,Business Finance,3
729128,Business Finance,1
773650,Business Finance,3
466632,Business Finance,1
466774,Business Finance,1
442114,Business Finance,0
781954,Business Finance,1
902150,Business Finance,1.5
1169188,Business Finance,0.5
1201912,Business Finance,0.5
167316,Business Finance,2
1028656,Business Finance,2
645890,Business Finance,0.5
559328,Business Finance,0.5
1225194,Business Finance,0
734280,Business Finance,0.5
1164568,Business Finance,0.5
43291,Business Finance,0.5
1034560,Business Finance,0.5
871682,Business Finance,0.5
1057040,Business Finance,0
1032648,Business Finance,0
1087466,Business Finance,0
1058852,Business Finance,0
1083744,Business Finance,0
1271430,Business Finance,0
715476,Business Finance,0
1219820,Business Finance,0
627332,Business Finance,0
1136038,Business Finance,0
1035638,Business Finance,0
1232282,Business Finance,0
41961,Business Finance,2
42040,Business Finance,1.5
1039442,Business Finance,1
615602,Business Finance,0
235112,Business Finance,2
551910,Business Finance,1.5
1051430,Business Finance,1
828596,Business Finance,2
258894,Business Finance,1.5
138560,Business Finance,1
689868,Business Finance,2
1020244,Business Finance,2.5
858764,Business Finance,1
941310,Business Finance,1.5
1214144,Business Finance,1
492344,Business Finance,1
815672,Business Finance,1
376712,Business Finance,1
869716,Business Finance,1
754156,Business Finance,1.5
709816,Business Finance,1.5
680046,Business Finance,1.5
1138162,Business Finance,1
829182,Business Finance,0.5
1163242,Business Finance,0
46933,Business Finance,0
954842,Business Finance,0
868112,Business Finance,0
1056242,Business Finance,0
113712,Business Finance,0.5
146454,Business Finance,0.5
56926,Business Finance,0.5
589778,Business Finance,0.5
1113702,Business Finance,0
1072220,Business Finance,0
101038,Business Finance,0
417088,Business Finance,0.5
258954,Business Finance,1
298044,Business Finance,0.5
593962,Business Finance,1
941520,Business Finance,0.5
64173,Business Finance,0.5
371828,Business Finance,0.5
974954,Business Finance,0.5
818572,Business Finance,0.5
115752,Business Finance,0.5
731150,Business Finance,0.5
627772,Business Finance,3
850726,Business Finance,2
136244,Business Finance,1.5
485889,Business Finance,2
507778,Business Finance,1
422918,Business Finance,1
362530,Business Finance,1
579642,Business Finance,1
1022796,Business Finance,1
793084,Business Finance,1.5
881062,Business Finance,1.5
838260,Business Finance,1
380542,Business Finance,1.5
772480,Business Finance,1
576906,Business Finance,0.5
410196,Business Finance,0.5
581662,Business Finance,0.5
1088102,Business Finance,0.5
788756,Business Finance,1
380206,Business Finance,1.5
160322,Business Finance,1
610812,Business Finance,1
288256,Business Finance,1
662996,Business Finance,2
101234,Business Finance,1.5
1113442,Business Finance,1
746366,Business Finance,1
186556,Business Finance,0.5
179500,Business Finance,1.5
304000,Business Finance,1
334838,Business Finance,1.5
302456,Business Finance,1.5
537748,Business Finance,0.5
378464,Business Finance,0.5
532216,Business Finance,1
41973,Business Finance,3
138004,Business Finance,0.5
94532,Business Finance,0.5
467238,Business Finance,1
850294,Business Finance,0.5
1110256,Business Finance,0.5
439210,Business Finance,0.5
597164,Business Finance,0
773502,Business Finance,0.5
262818,Business Finance,0.5
255046,Business Finance,0.5
295909,Business Finance,1
1153876,Business Finance,0.5
83736,Business Finance,1
75182,Business Finance,1
236070,Business Finance,1.5
788796,Business Finance,0.5
508796,Business Finance,0.5
739910,Business Finance,1
725872,Business Finance,1.5
894336,Business Finance,1.5
334820,Business Finance,0.5
619786,Business Finance,1
179820,Business Finance,2
322332,Business Finance,1
597424,Business Finance,0.5
1089610,Business Finance,0
166842,Business Finance,0
408232,Business Finance,0
249376,Business Finance,1.5
231256,Business Finance,0.5
479496,Business Finance,0.5
944534,Business Finance,0
1153854,Business Finance,0
74028,Business Finance,0.5
73962,Business Finance,0.5
1156530,Business Finance,0
1097288,Business Finance,0
614668,Business Finance,0
1082352,Business Finance,0
625670,Business Finance,0.5
35409,Business Finance,0
250902,Business Finance,0
1010988,Business Finance,0
855816,Business Finance,0
813360,Business Finance,0.5
813516,Business Finance,0
302484,Business Finance,0
861764,Business Finance,0.5
765238,Business Finance,2
542950,Business Finance,1
307080,Business Finance,1.5
469848,Business Finance,1.5
581498,Business Finance,1.5
849896,Business Finance,2
1174084,Business Finance,1
801702,Business Finance,2
786984,Business Finance,1
255592,Business Finance,3.5
514844,Business Finance,1
998706,Business Finance,3.5
644020,Business Finance,1
1250742,Business Finance,0
54246,Business Finance,1
805630,Business Finance,1
315716,Business Finance,0.5
1124276,Business Finance,0.5
1227792,Business Finance,0.5
769340,Business Finance,1
737182,Business Finance,0.5
960786,Business Finance,0.5
657050,Business Finance,0.5
1196700,Business Finance,0.5
1137310,Business Finance,2
632368,Business Finance,3
571730,Business Finance,5
720994,Business Finance,3.5
1080466,Business Finance,3
907416,Business Finance,3
1062144,Business Finance,2
1097486,Business Finance,2
396890,Business Finance,2
945194,Business Finance,2.5
598846,Business Finance,3
950750,Business Finance,1.5
740764,Business Finance,0.5
739972,Business Finance,0.5
464002,Business Finance,0.5
343818,Business Finance,0.5
434100,Business Finance,0
158140,Business Finance,0.5
1141708,Business Finance,0
1240408,Business Finance,0
557208,Business Finance,0.5
1178150,Business Finance,0.5
93850,Business Finance,0.5
429080,Business Finance,0.5
914164,Business Finance,0
876898,Business Finance,0
877968,Business Finance,0
1230950,Business Finance,0
953432,Business Finance,0.5
872204,Business Finance,0.5
1027678,Business Finance,0.5
304420,Business Finance,0.5
1078254,Business Finance,0.5
1193288,Business Finance,0
1106148,Business Finance,0
1029322,Business Finance,0
676650,Business Finance,1
129274,Business Finance,1.5
634932,Business Finance,1
116924,Business Finance,1
1174086,Business Finance,0.5
369726,Business Finance,4
427040,Business Finance,1
1132162,Business Finance,0.5
1206414,Business Finance,1
997128,Business Finance,0.5
826168,Business Finance,3
1039930,Business Finance,0.5
1232390,Business Finance,0
1084454,Business Finance,0
1232312,Business Finance,0
1251654,Business Finance,0
712994,Business Finance,2.5
1024862,Business Finance,0
123242,Business Finance,1
788720,Business Finance,0.5
196164,Business Finance,1
1268616,Business Finance,0
1100746,Business Finance,4
1005312,Business Finance,5
624016,Business Finance,1
323916,Business Finance,2
743568,Business Finance,2
479688,Business Finance,0.5
1189592,Business Finance,1
578534,Business Finance,2
791574,Business Finance,1.5
379196,Business Finance,2.5
331968,Business Finance,1.5
576636,Business Finance,2
724596,Business Finance,2
822808,Business Finance,1.5
932274,Business Finance,1.5
32908,Business Finance,3
883394,Business Finance,1
20185,Business Finance,3
188418,Business Finance,3
975982,Business Finance,1.5
674352,Business Finance,1
936884,Business Finance,2.5
707644,Business Finance,1
700140,Business Finance,1
546656,Business Finance,1.5
1041926,Business Finance,1
1253868,Business Finance,0.5
645634,Business Finance,1
528104,Business Finance,1
1053462,Business Finance,0.5
148028,Business Finance,1
179824,Business Finance,1.5
777276,Business Finance,1
174790,Business Finance,0.5
247940,Business Finance,0.5
42146,Business Finance,1
408894,Business Finance,1
176136,Business Finance,1
929146,Business Finance,1
260066,Business Finance,2.5
682514,Business Finance,1.5
66383,Business Finance,3
390198,Business Finance,0.5
679238,Business Finance,2
476622,Business Finance,2
764010,Business Finance,1.5
178776,Business Finance,2.5
562668,Business Finance,1.5
521952,Business Finance,2
692268,Business Finance,0.5
258174,Business Finance,0.5
54677,Business Finance,1
619716,Business Finance,0.5
986272,Business Finance,1
466558,Business Finance,1
65113,Business Finance,1
685190,Business Finance,1
179978,Business Finance,1
248338,Business Finance,1
455120,Business Finance,0.5
273448,Business Finance,1
803028,Business Finance,1.5
985104,Business Finance,2
396888,Business Finance,2
1001010,Business Finance,2
950748,Business Finance,2
1250694,Business Finance,0.5
932454,Business Finance,2.5
400464,Business Finance,3
1021104,Business Finance,2
1193056,Business Finance,1
986024,Business Finance,1
352782,Business Finance,3
749468,Business Finance,2
915206,Business Finance,2
615206,Business Finance,1.5
368916,Business Finance,0.5
787508,Business Finance,0.5
249934,Business Finance,2
323828,Business Finance,2
1223000,Business Finance,0
772950,Business Finance,0.5
900472,Business Finance,1.5
796486,Business Finance,1.5
871358,Business Finance,2
931588,Business Finance,1
880202,Graphic Design,3.5
1197206,Graphic Design,2.5
1117796,Graphic Design,2
1219520,Graphic Design,2
595876,Graphic Design,4
1216132,Graphic Design,1.5
1145736,Graphic Design,3
28556,Graphic Design,4.5
317278,Graphic Design,4.5
573064,Graphic Design,3.5
1120554,Graphic Design,3
1151326,Graphic Design,1
590794,Graphic Design,1.5
1181578,Graphic Design,1
1261122,Graphic Design,0
749542,Graphic Design,5
874012,Graphic Design,5
1046722,Graphic Design,4.5
820194,Graphic Design,5
62721,Graphic Design,5
371074,Graphic Design,5
20461,Graphic Design,5
416548,Graphic Design,4.5
1047436,Graphic Design,3.5
396204,Graphic Design,4
897238,Graphic Design,3.5
1067516,Graphic Design,3
1008100,Graphic Design,1
832870,Graphic Design,1
642656,Graphic Design,0.5
428220,Graphic Design,1
1184664,Graphic Design,1
65596,Graphic Design,3
1018358,Graphic Design,0.5
16714,Graphic Design,1.5
657764,Graphic Design,1
231970,Graphic Design,2.5
981684,Graphic Design,1.5
669174,Graphic Design,1.5
185526,Graphic Design,0
1185898,Graphic Design,0
1177156,Graphic Design,0
177614,Graphic Design,0
1128984,Graphic Design,0
185528,Graphic Design,0
872262,Graphic Design,0
1137738,Graphic Design,0
1185535,Graphic Design,0.5
896742,Graphic Design,2
609642,Graphic Design,2
723818,Graphic Design,1.5
1085646,Graphic Design,2
1062048,Graphic Design,3
1160004,Graphic Design,2
1087244,Graphic Design,2
1169062,Graphic Design,1.5
520468,Graphic Design,3
693812,Graphic Design,4
1196852,Graphic Design,1.5
1149656,Graphic Design,2
385462,Graphic Design,4
1094930,Graphic Design,2
561188,Graphic Design,3.5
600486,Graphic Design,4.5
501140,Graphic Design,4.5
405488,Graphic Design,4.5
1219326,Graphic Design,1
1029554,Graphic Design,3
1009068,Graphic Design,3
1276020,Graphic Design,0.5
1202746,Graphic Design,1.5
1226518,Graphic Design,3.5
870368,Graphic Design,3.5
1223336,Graphic Design,2
1257870,Graphic Design,0.5
519968,Graphic Design,1
656914,Graphic Design,1
787204,Graphic Design,1
380668,Graphic Design,2.5
412864,Graphic Design,1
463354,Graphic Design,2
636548,Graphic Design,1.5
513782,Graphic Design,1.5
19164,Graphic Design,2
637402,Graphic Design,2.5
901082,Graphic Design,2
608090,Graphic Design,2.5
1165016,Graphic Design,1
755680,Graphic Design,3
930416,Graphic Design,3.5
784478,Graphic Design,2
17349,Graphic Design,5
93484,Graphic Design,3
927186,Graphic Design,1
628440,Graphic Design,2.5
1047508,Graphic Design,1.5
406504,Graphic Design,3.5
644914,Graphic Design,1.5
908324,Graphic Design,2
15611,Graphic Design,3
775252,Graphic Design,1
850426,Graphic Design,3
530426,Graphic Design,2.5
627782,Graphic Design,3.5
1211198,Graphic Design,0.5
294294,Graphic Design,2
692920,Graphic Design,1
349144,Graphic Design,2
711688,Graphic Design,2.5
625920,Graphic Design,1.5
286508,Graphic Design,2
768940,Graphic Design,1
640428,Graphic Design,1.5
1168910,Graphic Design,1.5
640426,Graphic Design,1
300466,Graphic Design,1
682060,Graphic Design,2
809216,Graphic Design,2
532140,Graphic Design,1
546832,Graphic Design,1.5
1260674,Graphic Design,0.5
288110,Graphic Design,1
388104,Graphic Design,1.5
742392,Graphic Design,1
1265678,Graphic Design,0.5
814200,Graphic Design,0.5
468182,Graphic Design,0.5
789670,Graphic Design,1
1009622,Graphic Design,0.5
1164570,Graphic Design,0.5
686430,Graphic Design,0.5
1007622,Graphic Design,0.5
1031648,Graphic Design,0.5
1069348,Graphic Design,0.5
181294,Graphic Design,0.5
780150,Graphic Design,2
922464,Graphic Design,1
855188,Graphic Design,0.5
855764,Graphic Design,1
699376,Graphic Design,1
192726,Graphic Design,1
358998,Graphic Design,1
525446,Graphic Design,2.5
638040,Graphic Design,1
502588,Graphic Design,2.5
1177670,Graphic Design,0
753774,Graphic Design,0.5
530436,Graphic Design,2
690918,Graphic Design,2
927336,Graphic Design,1
1022032,Graphic Design,1
1101806,Graphic Design,1
1246168,Graphic Design,0.5
1242692,Graphic Design,1
1185390,Graphic Design,1
700942,Graphic Design,2
804096,Graphic Design,2
733654,Graphic Design,1
994312,Graphic Design,0.5
902300,Graphic Design,3.5
522426,Graphic Design,1
550360,Graphic Design,2
314698,Graphic Design,2.5
960898,Graphic Design,1.5
1245392,Graphic Design,1
661628,Graphic Design,2
1199928,Graphic Design,1
923902,Graphic Design,1
720300,Graphic Design,2.5
79120,Graphic Design,3.5
1106490,Graphic Design,2
424770,Graphic Design,1.5
22445,Graphic Design,4.5
581352,Graphic Design,2
874656,Graphic Design,4.5
1156778,Graphic Design,2.5
870936,Graphic Design,2
413713,Graphic Design,2.5
52457,Graphic Design,2.5
446936,Graphic Design,2
77896,Graphic Design,3
654038,Graphic Design,2
438420,Graphic Design,2
1246636,Graphic Design,1
406424,Graphic Design,3
1243016,Graphic Design,1
1266468,Graphic Design,1
611804,Graphic Design,5
276680,Graphic Design,3
922092,Graphic Design,1.5
1274846,Graphic Design,0
1093446,Graphic Design,1.5
1000116,Graphic Design,1
673142,Graphic Design,2
701468,Graphic Design,2
399938,Graphic Design,5
555952,Graphic Design,2.5
341952,Graphic Design,2.5
474076,Graphic Design,1
839536,Graphic Design,3
787340,Graphic Design,3
559204,Graphic Design,1.5
1197810,Graphic Design,0
971260,Graphic Design,1.5
960326,Graphic Design,1
144222,Graphic Design,2
447210,Graphic Design,2
482208,Graphic Design,2
998580,Graphic Design,1.5
475214,Graphic Design,2
77532,Graphic Design,2.5
846214,Graphic Design,1
951912,Graphic Design,1
1132572,Graphic Design,3
660876,Graphic Design,5
837798,Graphic Design,2.5
834226,Graphic Design,1.5
750934,Graphic Design,2
770622,Graphic Design,2.5
1029436,Graphic Design,0.5
1165588,Graphic Design,0.5
1226182,Graphic Design,0
978462,Graphic Design,0.5
585566,Graphic Design,3.5
805882,Graphic Design,3.5
413180,Graphic Design,3
1027480,Graphic Design,1
951304,Graphic Design,2
1219814,Graphic Design,1
518870,Graphic Design,3
935108,Graphic Design,2
53549,Graphic Design,1.5
907408,Graphic Design,1
410974,Graphic Design,0.5
1035402,Graphic Design,1
991416,Graphic Design,1
472592,Graphic Design,1
140368,Graphic Design,2
366194,Graphic Design,1
939882,Graphic Design,1
631148,Graphic Design,0.5
885479,Graphic Design,1.5
783438,Graphic Design,0.5
49553,Graphic Design,2
506164,Graphic Design,1
280194,Graphic Design,1
711210,Graphic Design,2
905244,Graphic Design,1.5
637066,Graphic Design,1.5
785328,Graphic Design,1
744696,Graphic Design,1
220604,Graphic Design,2
699380,Graphic Design,1
787096,Graphic Design,0.5
793000,Graphic Design,1
803058,Graphic Design,3.5
494058,Graphic Design,1.5
1027080,Graphic Design,1
367460,Graphic Design,1.5
1151342,Graphic Design,1
395140,Graphic Design,2
866796,Graphic Design,2
857144,Graphic Design,2
611370,Graphic Design,5
452092,Graphic Design,2.5
286424,Graphic Design,2
348116,Graphic Design,5
436568,Graphic Design,0.5
956002,Graphic Design,0
185500,Graphic Design,0
722176,Graphic Design,0
197610,Graphic Design,0
672112,Graphic Design,0
672086,Graphic Design,0
185538,Graphic Design,0
188604,Graphic Design,0
188584,Graphic Design,0
181268,Graphic Design,0
185526,Graphic Design,0
177472,Graphic Design,0.5
766320,Graphic Design,1
181264,Graphic Design,0.5
513846,Graphic Design,0.5
242176,Graphic Design,0.5
255604,Graphic Design,0.5
1049380,Graphic Design,0
1216164,Graphic Design,0
1024800,Graphic Design,0.5
1262470,Graphic Design,0
1164832,Graphic Design,0
794036,Graphic Design,0.5
1004512,Graphic Design,1
464184,Graphic Design,2
1126016,Graphic Design,0.5
482924,Graphic Design,1.5
738198,Graphic Design,3
768366,Graphic Design,2
632136,Graphic Design,2
663702,Graphic Design,2
558432,Graphic Design,1
628786,Graphic Design,3
133968,Graphic Design,2
938680,Graphic Design,1.5
691641,Graphic Design,1
801186,Graphic Design,2
906760,Graphic Design,2
705444,Graphic Design,2
601092,Graphic Design,1.5
1246518,Graphic Design,0.5
1181652,Graphic Design,0.5
913768,Graphic Design,1
648350,Graphic Design,3
1161864,Graphic Design,1
374404,Graphic Design,1.5
967486,Graphic Design,2
496302,Graphic Design,0.5
1163644,Graphic Design,0.5
909970,Graphic Design,0.5
297702,Graphic Design,0.5
978272,Graphic Design,0.5
37821,Graphic Design,1
514398,Graphic Design,0.5
544944,Graphic Design,0.5
326338,Graphic Design,1
600366,Graphic Design,0
1088924,Graphic Design,0.5
574194,Graphic Design,0.5
865634,Graphic Design,3
400130,Graphic Design,3
563708,Graphic Design,3
1228900,Graphic Design,1.5
178044,Graphic Design,2
933888,Graphic Design,2
516394,Graphic Design,2.5
1195812,Graphic Design,1.5
590622,Graphic Design,3
249126,Graphic Design,4.5
1163768,Graphic Design,1
1131780,Graphic Design,2
909486,Graphic Design,1
368958,Graphic Design,0.5
201812,Graphic Design,1
484896,Graphic Design,1
553832,Graphic Design,1
452182,Graphic Design,0.5
490392,Graphic Design,1
1093760,Graphic Design,1
1115504,Graphic Design,0.5
446022,Graphic Design,1
522784,Graphic Design,1
311846,Graphic Design,0.5
942768,Graphic Design,0
288850,Graphic Design,0.5
1068664,Graphic Design,0
1136446,Graphic Design,0
1125728,Graphic Design,0
1228708,Graphic Design,0
1095488,Graphic Design,0
381828,Graphic Design,0.5
406054,Graphic Design,0
585174,Graphic Design,0
1125814,Graphic Design,0.5
1105636,Graphic Design,0.5
327310,Graphic Design,0
1080584,Graphic Design,0
513212,Graphic Design,0
1047750,Graphic Design,0
831640,Graphic Design,0.5
570188,Graphic Design,0
365926,Graphic Design,0
986832,Graphic Design,0
1077836,Graphic Design,0
872816,Graphic Design,0
518188,Graphic Design,0
726314,Graphic Design,0
883828,Graphic Design,3.5
826202,Graphic Design,1
1171720,Graphic Design,1
117004,Graphic Design,3
952106,Graphic Design,1.5
854746,Graphic Design,2
834114,Graphic Design,2.5
1012262,Graphic Design,2
1091360,Graphic Design,0.5
808542,Graphic Design,2
1142428,Graphic Design,1.5
1015308,Graphic Design,1.5
1114164,Graphic Design,1
635716,Graphic Design,1
374652,Graphic Design,1.5
727510,Graphic Design,0
579202,Graphic Design,0.5
699382,Graphic Design,1
20150,Graphic Design,1.5
895302,Graphic Design,1
403764,Graphic Design,1
145178,Graphic Design,2
1127944,Graphic Design,0
435626,Graphic Design,1
1114470,Graphic Design,0
1143148,Graphic Design,0
640164,Graphic Design,0
1141560,Graphic Design,0
1139792,Graphic Design,0.5
1221032,Graphic Design,0
1075366,Graphic Design,0
223884,Graphic Design,0
1164488,Graphic Design,0
1122306,Graphic Design,0
177584,Graphic Design,0
586914,Graphic Design,0
397204,Graphic Design,1
58791,Graphic Design,1.5
1182330,Graphic Design,0.5
172906,Graphic Design,1.5
766906,Graphic Design,1
379814,Graphic Design,1.5
445102,Graphic Design,0.5
655198,Graphic Design,1.5
575040,Graphic Design,1.5
966268,Graphic Design,1
536780,Graphic Design,1
431562,Graphic Design,1
1047408,Graphic Design,0
987865,Graphic Design,0
371900,Graphic Design,0
995384,Graphic Design,0
1252410,Graphic Design,0
1216554,Graphic Design,0
1275872,Graphic Design,0
1133764,Graphic Design,0
1200856,Graphic Design,3
1226332,Graphic Design,2
950894,Graphic Design,3.5
1245356,Graphic Design,2
1092766,Graphic Design,1
364986,Graphic Design,1.5
908664,Graphic Design,1.5
1234108,Graphic Design,1
47004,Graphic Design,2.5
327666,Graphic Design,4
1068902,Graphic Design,2.5
1076222,Graphic Design,1.5
278948,Graphic Design,4
1013676,Graphic Design,2
62497,Graphic Design,5
1182900,Graphic Design,1
1178226,Graphic Design,0
1165268,Graphic Design,0
1133648,Graphic Design,0.5
471136,Graphic Design,0
63712,Graphic Design,0.5
1055424,Graphic Design,0
843620,Graphic Design,0.5
1153326,Graphic Design,0
551964,Graphic Design,0.5
1104858,Graphic Design,0
517866,Graphic Design,0
1036766,Graphic Design,0
337072,Graphic Design,2.5
737642,Graphic Design,2
520766,Graphic Design,2
757900,Graphic Design,1.5
978576,Graphic Design,3
961684,Graphic Design,1.5
371490,Graphic Design,2
1134692,Graphic Design,1.5
507726,Graphic Design,1.5
349586,Graphic Design,3.5
1153710,Graphic Design,0.5
1269190,Graphic Design,0.5
303042,Graphic Design,1
647520,Graphic Design,0.5
681878,Graphic Design,1
873296,Graphic Design,1
1164720,Graphic Design,0.5
1019552,Graphic Design,0.5
1147664,Graphic Design,1
948294,Graphic Design,1
393850,Graphic Design,0.5
733878,Graphic Design,2.5
860656,Graphic Design,1
1246252,Graphic Design,0.5
622122,Graphic Design,1
222976,Graphic Design,1
439968,Graphic Design,1
852060,Graphic Design,1
546848,Graphic Design,0.5
81278,Graphic Design,2
53556,Graphic Design,1
1158854,Graphic Design,1
68876,Graphic Design,1
514496,Graphic Design,0.5
649404,Graphic Design,0.5
108384,Graphic Design,1
753934,Graphic Design,0.5
206592,Graphic Design,1
15467,Graphic Design,1
983444,Graphic Design,0.5
74782,Graphic Design,0.5
456988,Graphic Design,1
1049760,Graphic Design,0.5
808808,Graphic Design,1
599652,Graphic Design,1
524748,Graphic Design,1
310652,Graphic Design,0.5
946326,Graphic Design,0.5
1146166,Graphic Design,1
1190334,Graphic Design,0.5
895394,Graphic Design,1
1100628,Graphic Design,2
996868,Graphic Design,2
751230,Graphic Design,3
356840,Graphic Design,3
269082,Graphic Design,2
449788,Graphic Design,2.5
792232,Graphic Design,2
1164876,Graphic Design,0.5
861444,Graphic Design,2
148982,Graphic Design,0.5
861742,Graphic Design,1
817074,Graphic Design,0
286160,Graphic Design,0.5
788722,Graphic Design,0
1008654,Graphic Design,0.5
964478,Graphic Design,0.5
953220,Graphic Design,0.5
64078,Graphic Design,0.5
1046540,Graphic Design,0.5
622284,Graphic Design,0.5
31150,Graphic Design,0.5
574132,Graphic Design,2
724824,Graphic Design,1
883324,Graphic Design,1
502204,Graphic Design,2
283038,Graphic Design,1.5
650720,Graphic Design,3
586680,Graphic Design,1.5
899240,Graphic Design,1
520876,Graphic Design,1
1083784,Graphic Design,0.5
651352,Graphic Design,1
968268,Graphic Design,1
479760,Graphic Design,0.5
134690,Graphic Design,0.5
692918,Graphic Design,0.5
1092632,Graphic Design,1
753154,Graphic Design,0.5
46524,Graphic Design,0.5
634480,Graphic Design,1
771044,Graphic Design,0.5
497268,Graphic Design,0.5
435138,Graphic Design,0.5
334530,Graphic Design,0.5
904144,Graphic Design,1
397946,Graphic Design,1
561800,Graphic Design,1
810234,Graphic Design,1
559046,Graphic Design,1
338308,Graphic Design,1.5
477634,Graphic Design,2
913194,Graphic Design,0.5
429866,Graphic Design,2
632702,Graphic Design,0.5
429366,Graphic Design,1
433084,Graphic Design,1
185092,Graphic Design,0.5
395652,Graphic Design,0.5
943724,Graphic Design,1
546124,Graphic Design,1
876444,Graphic Design,1
893978,Graphic Design,0.5
1249378,Graphic Design,0.5
273256,Graphic Design,0.5
1240730,Graphic Design,0
651014,Graphic Design,0.5
1236254,Graphic Design,0
1201118,Graphic Design,0
1227748,Graphic Design,0
408118,Graphic Design,1
1258402,Graphic Design,0.5
489114,Graphic Design,1
16689,Graphic Design,1
1089062,Graphic Design,0.5
709160,Graphic Design,0.5
385662,Graphic Design,1
508570,Graphic Design,0.5
934790,Graphic Design,0
1133716,Graphic Design,0.5
473474,Graphic Design,1
1143032,Graphic Design,0.5
121490,Graphic Design,1
339560,Graphic Design,1
659340,Graphic Design,0.5
835082,Graphic Design,1
335902,Graphic Design,0.5
441106,Graphic Design,0.5
624356,Graphic Design,0.5
456388,Graphic Design,1
955242,Graphic Design,0.5
496430,Graphic Design,1
793246,Graphic Design,0.5
547190,Graphic Design,1
696630,Musical Instruments,3.5
643970,Musical Instruments,1
801486,Musical Instruments,0.5
455054,Musical Instruments,1
1257976,Musical Instruments,0.5
1253224,Musical Instruments,1
837722,Musical Instruments,2
631416,Musical Instruments,1
149728,Musical Instruments,2.5
195576,Musical Instruments,2.5
1048302,Musical Instruments,2
560662,Musical Instruments,1
661814,Musical Instruments,1
640496,Musical Instruments,1
1200374,Musical Instruments,1
101498,Musical Instruments,1
729464,Musical Instruments,1
961630,Musical Instruments,1.5
544234,Musical Instruments,1
517366,Musical Instruments,1
271652,Musical Instruments,1.5
760066,Musical Instruments,1.5
80844,Musical Instruments,1.5
820086,Musical Instruments,1.5
1013558,Musical Instruments,1
206332,Musical Instruments,1
624662,Musical Instruments,1
470472,Musical Instruments,2
331970,Musical Instruments,2
705890,Musical Instruments,1
932804,Musical Instruments,1
1101522,Musical Instruments,1
760300,Musical Instruments,1.5
636858,Musical Instruments,1
371896,Musical Instruments,2
636842,Musical Instruments,1
564446,Musical Instruments,1.5
925286,Musical Instruments,1.5
324224,Musical Instruments,3
1008054,Musical Instruments,0.5
40495,Musical Instruments,2.5
184780,Musical Instruments,3.5
338926,Musical Instruments,3
104304,Musical Instruments,1.5
413182,Musical Instruments,1
1108666,Musical Instruments,1
692658,Musical Instruments,1
173776,Musical Instruments,2.5
1254852,Musical Instruments,1
637842,Musical Instruments,1
953442,Musical Instruments,2
648628,Musical Instruments,1
670640,Musical Instruments,1.5
403078,Musical Instruments,2
174562,Musical Instruments,3.5
396238,Musical Instruments,1.5
20387,Musical Instruments,1.5
646906,Musical Instruments,1
783292,Musical Instruments,1
515262,Musical Instruments,1
147404,Musical Instruments,1
260900,Musical Instruments,0.5
563650,Musical Instruments,0.5
743674,Musical Instruments,1
71912,Musical Instruments,2
1186514,Musical Instruments,1
1104494,Musical Instruments,0.5
764534,Musical Instruments,2
808292,Musical Instruments,1
630734,Musical Instruments,1.5
757284,Musical Instruments,1.5
356060,Musical Instruments,0.5
1045886,Musical Instruments,1.5
939668,Musical Instruments,1.5
873386,Musical Instruments,2
933818,Musical Instruments,1
624118,Musical Instruments,0.5
149716,Musical Instruments,1.5
585946,Musical Instruments,0.5
876396,Musical Instruments,1
263818,Musical Instruments,2
759972,Musical Instruments,1
893056,Musical Instruments,1
326428,Musical Instruments,1
769518,Musical Instruments,0.5
806638,Musical Instruments,2
467408,Musical Instruments,1
567558,Musical Instruments,1
854696,Musical Instruments,1
1182624,Musical Instruments,1
27681,Musical Instruments,2
412970,Musical Instruments,1.5
344234,Musical Instruments,1
692812,Musical Instruments,1
933666,Musical Instruments,1
645202,Musical Instruments,4
65033,Musical Instruments,2
550842,Musical Instruments,1.5
19421,Musical Instruments,5
897162,Musical Instruments,2.5
955914,Musical Instruments,2
1158690,Musical Instruments,1
551170,Musical Instruments,2
198690,Musical Instruments,3.5
657518,Musical Instruments,3
708696,Musical Instruments,2
1007396,Musical Instruments,2
505126,Musical Instruments,2
574428,Musical Instruments,1
602450,Musical Instruments,2
895244,Musical Instruments,1.5
342398,Musical Instruments,2
552700,Musical Instruments,1
175278,Musical Instruments,2
101496,Musical Instruments,2
365292,Musical Instruments,2
42251,Musical Instruments,2
446478,Musical Instruments,3
132570,Musical Instruments,1.5
288942,Musical Instruments,1.5
1105794,Musical Instruments,4
515256,Musical Instruments,2
956102,Musical Instruments,1
902476,Musical Instruments,1.5
1051856,Musical Instruments,0.5
583752,Musical Instruments,5
521072,Musical Instruments,2.5
749686,Musical Instruments,1
1010274,Musical Instruments,0.5
998100,Musical Instruments,0.5
1033670,Musical Instruments,1
1266892,Musical Instruments,0.5
762374,Musical Instruments,2
743634,Musical Instruments,2
663810,Musical Instruments,0.5
475914,Musical Instruments,1.5
831294,Musical Instruments,1
364716,Musical Instruments,3.5
1105904,Musical Instruments,1
242382,Musical Instruments,1
783778,Musical Instruments,1
773016,Musical Instruments,1.5
672894,Musical Instruments,0.5
1132694,Musical Instruments,1
311530,Musical Instruments,1
1236562,Musical Instruments,0.5
1000966,Musical Instruments,1
782430,Musical Instruments,0.5
777650,Musical Instruments,2
138228,Musical Instruments,2
1034414,Musical Instruments,2
996888,Musical Instruments,1
1191750,Musical Instruments,4
793234,Musical Instruments,3
372416,Musical Instruments,2.5
665278,Musical Instruments,1.5
1170198,Musical Instruments,1.5
1002272,Musical Instruments,1
213532,Musical Instruments,1
64585,Musical Instruments,2.5
1013762,Musical Instruments,1.5
315576,Musical Instruments,3
812914,Musical Instruments,2
660690,Musical Instruments,1
347104,Musical Instruments,2.5
638204,Musical Instruments,2
519694,Musical Instruments,1
647336,Musical Instruments,2
464844,Musical Instruments,2
824044,Musical Instruments,3.5
409818,Musical Instruments,4
755198,Musical Instruments,3
552650,Musical Instruments,2.5
710420,Musical Instruments,1.5
1000988,Musical Instruments,0.5
384928,Musical Instruments,2.5
392958,Musical Instruments,3
515260,Musical Instruments,2
555340,Musical Instruments,4.5
603902,Musical Instruments,0
217978,Musical Instruments,1
238934,Musical Instruments,5
456284,Musical Instruments,5
1029440,Musical Instruments,4
42271,Musical Instruments,5
484670,Musical Instruments,5
967380,Musical Instruments,3.5
681692,Musical Instruments,3
200598,Musical Instruments,5
953152,Musical Instruments,5
1132342,Musical Instruments,3
194692,Musical Instruments,3.5
1119092,Musical Instruments,2
902474,Musical Instruments,2.5
920194,Musical Instruments,1
666322,Musical Instruments,1.5
1193886,Musical Instruments,0.5
647338,Musical Instruments,1
1194244,Musical Instruments,0.5
658816,Musical Instruments,3
1009802,Musical Instruments,1
353224,Musical Instruments,3.5
938260,Musical Instruments,2
907966,Musical Instruments,1
997470,Musical Instruments,1
993134,Musical Instruments,0.5
41884,Musical Instruments,5
888698,Musical Instruments,0.5
1119610,Musical Instruments,1
476324,Musical Instruments,1.5
476988,Musical Instruments,2
1159988,Musical Instruments,1
1034080,Musical Instruments,0.5
659918,Musical Instruments,1
422546,Musical Instruments,1.5
1116196,Musical Instruments,2
660460,Musical Instruments,1
1123250,Musical Instruments,0.5
1003568,Musical Instruments,1
1240148,Musical Instruments,0.5
1111630,Musical Instruments,1
830568,Musical Instruments,3
566678,Musical Instruments,3.5
1170074,Musical Instruments,0.5
517148,Musical Instruments,2.5
206088,Musical Instruments,3.5
995562,Musical Instruments,1
59922,Musical Instruments,1.5
76524,Musical Instruments,2.5
971962,Musical Instruments,2
972704,Musical Instruments,2
993510,Musical Instruments,0.5
1255114,Musical Instruments,1
1120410,Musical Instruments,0.5
1048188,Musical Instruments,1.5
970880,Musical Instruments,1.5
1116700,Musical Instruments,0.5
687248,Musical Instruments,2.5
1052180,Musical Instruments,2.5
501412,Musical Instruments,1.5
1032864,Musical Instruments,2
574974,Musical Instruments,3.5
1229488,Musical Instruments,1
658276,Musical Instruments,3.5
1041176,Musical Instruments,2.5
26956,Musical Instruments,3.5
1098994,Musical Instruments,1
917432,Musical Instruments,3
983418,Musical Instruments,2
648506,Musical Instruments,3
1122832,Musical Instruments,0.5
1123184,Musical Instruments,0.5
858064,Musical Instruments,0.5
214328,Musical Instruments,0.5
101500,Musical Instruments,1
829962,Musical Instruments,2
519212,Musical Instruments,1
297930,Musical Instruments,0.5
663710,Musical Instruments,0.5
471328,Musical Instruments,1
892898,Musical Instruments,0.5
638100,Musical Instruments,0.5
823860,Musical Instruments,0.5
635570,Musical Instruments,0.5
99324,Musical Instruments,3
535650,Musical Instruments,2
769270,Musical Instruments,2
51752,Musical Instruments,1.5
17922,Musical Instruments,3
112314,Musical Instruments,3
656364,Musical Instruments,1
105350,Musical Instruments,1
606494,Musical Instruments,2
1217408,Musical Instruments,0.5
1037868,Musical Instruments,1
1008098,Musical Instruments,1
650836,Musical Instruments,2
504168,Musical Instruments,2
761584,Musical Instruments,1
743884,Musical Instruments,0.5
583224,Musical Instruments,1
725906,Musical Instruments,2
1146368,Musical Instruments,0.5
589248,Musical Instruments,0.5
584468,Musical Instruments,1
807934,Musical Instruments,2
532572,Musical Instruments,0.5
53277,Musical Instruments,0.5
670376,Musical Instruments,1.5
1149202,Musical Instruments,0.5
802040,Musical Instruments,0.5
789820,Musical Instruments,0
806640,Musical Instruments,0.5
802038,Musical Instruments,0.5
818838,Musical Instruments,0.5
269832,Musical Instruments,0.5
759130,Musical Instruments,0.5
556076,Musical Instruments,0.5
824020,Musical Instruments,1
1223570,Musical Instruments,0.5
139792,Musical Instruments,0.5
482334,Musical Instruments,0.5
602812,Musical Instruments,0.5
1036400,Musical Instruments,0.5
866528,Musical Instruments,0.5
471352,Musical Instruments,0.5
744080,Musical Instruments,0.5
620372,Musical Instruments,0.5
214418,Musical Instruments,0.5
619856,Musical Instruments,0.5
839028,Musical Instruments,0
771880,Musical Instruments,0
228268,Musical Instruments,0
944550,Musical Instruments,0
839026,Musical Instruments,0
838320,Musical Instruments,0
838896,Musical Instruments,0
812602,Musical Instruments,0
190906,Musical Instruments,0
1124590,Musical Instruments,0
917176,Musical Instruments,0
647884,Musical Instruments,0
646918,Musical Instruments,0.5
1216752,Musical Instruments,0.5
1193536,Musical Instruments,0.5
430962,Musical Instruments,1
631480,Musical Instruments,0.5
970462,Musical Instruments,2.5
852426,Musical Instruments,1
430992,Musical Instruments,1
733922,Musical Instruments,1
608436,Musical Instruments,0.5
217628,Musical Instruments,0.5
631444,Musical Instruments,1
935900,Musical Instruments,0.5
713492,Musical Instruments,0.5
218540,Musical Instruments,0.5
211780,Musical Instruments,0.5
217320,Musical Instruments,0.5
387064,Musical Instruments,0.5
219756,Musical Instruments,0.5
1243162,Musical Instruments,0
1174974,Musical Instruments,0
214828,Musical Instruments,0.5
430994,Musical Instruments,0.5
207408,Musical Instruments,0
445118,Musical Instruments,1
146852,Musical Instruments,1
147754,Musical Instruments,0.5
131512,Musical Instruments,1
140168,Musical Instruments,1
510098,Musical Instruments,1.5
561774,Musical Instruments,0.5
1102396,Musical Instruments,0.5
1173716,Musical Instruments,1
761938,Musical Instruments,1
374566,Musical Instruments,1
182940,Musical Instruments,1
1003250,Musical Instruments,1
1190448,Musical Instruments,0
647276,Musical Instruments,1.5
26648,Musical Instruments,1
264396,Musical Instruments,1
153230,Musical Instruments,1
601230,Musical Instruments,0.5
326310,Musical Instruments,1
398522,Musical Instruments,1
773144,Musical Instruments,0.5
324226,Musical Instruments,1.5
888668,Musical Instruments,1
301686,Musical Instruments,0.5
151027,Musical Instruments,1
269830,Musical Instruments,0.5
315812,Musical Instruments,2
373636,Musical Instruments,1
1113170,Musical Instruments,0.5
336446,Musical Instruments,0.5
455676,Musical Instruments,1.5
200108,Musical Instruments,0.5
198660,Musical Instruments,3.5
763100,Musical Instruments,1
922828,Musical Instruments,1.5
32033,Musical Instruments,2
286070,Musical Instruments,3.5
55569,Musical Instruments,1.5
725566,Musical Instruments,2
829616,Musical Instruments,3
888852,Musical Instruments,0.5
286898,Musical Instruments,1.5
375830,Musical Instruments,1
207440,Musical Instruments,2
1042382,Musical Instruments,1
1114722,Musical Instruments,0.5
1102436,Musical Instruments,0.5
644820,Musical Instruments,1
131562,Musical Instruments,1
628606,Musical Instruments,1
459888,Musical Instruments,1
1141614,Musical Instruments,0.5
605074,Musical Instruments,0.5
749616,Musical Instruments,0.5
470482,Musical Instruments,1
344348,Musical Instruments,1
373556,Musical Instruments,0.5
214794,Musical Instruments,0.5
782458,Musical Instruments,0.5
823494,Musical Instruments,0.5
212492,Musical Instruments,0.5
961774,Musical Instruments,0.5
1261210,Musical Instruments,0.5
211052,Musical Instruments,0.5
597868,Musical Instruments,0.5
218658,Musical Instruments,0.5
1048182,Musical Instruments,0.5
758216,Musical Instruments,0.5
1144780,Musical Instruments,0.5
628798,Musical Instruments,0.5
398224,Musical Instruments,0.5
147174,Musical Instruments,1
799912,Musical Instruments,1
655958,Musical Instruments,0.5
744034,Musical Instruments,0.5
139790,Musical Instruments,0.5
288854,Musical Instruments,2
588264,Musical Instruments,0.5
773156,Musical Instruments,0.5
931152,Musical Instruments,0.5
21080,Musical Instruments,0.5
151120,Musical Instruments,0.5
1236576,Musical Instruments,0.5
139784,Musical Instruments,0.5
486412,Musical Instruments,0.5
459468,Musical Instruments,0
663696,Musical Instruments,0.5
933812,Musical Instruments,0.5
149602,Musical Instruments,0.5
277770,Musical Instruments,0.5
552606,Musical Instruments,0.5
459926,Musical Instruments,0
1040596,Musical Instruments,0.5
266004,Musical Instruments,0.5
720072,Musical Instruments,1
1046768,Musical Instruments,0.5
138336,Musical Instruments,0.5
333046,Musical Instruments,0.5
459207,Musical Instruments,0.5
814474,Musical Instruments,1
1104496,Musical Instruments,0.5
188064,Musical Instruments,1
578750,Musical Instruments,0.5
184088,Musical Instruments,0.5
1198302,Musical Instruments,0.5
208126,Musical Instruments,0.5
34332,Musical Instruments,0.5
204014,Musical Instruments,0
219844,Musical Instruments,0
212506,Musical Instruments,0
687742,Musical Instruments,0
219878,Musical Instruments,0.5
207304,Musical Instruments,0
195196,Musical Instruments,0
834422,Musical Instruments,0
724436,Musical Instruments,0.5
448250,Musical Instruments,0
796188,Musical Instruments,0.5
773174,Musical Instruments,0
450246,Musical Instruments,0.5
201472,Musical Instruments,0.5
452514,Musical Instruments,0
765056,Musical Instruments,0.5
196234,Musical Instruments,0.5
380596,Musical Instruments,0
812370,Musical Instruments,0
832514,Musical Instruments,0.5
1025536,Musical Instruments,0
82960,Musical Instruments,0
1207112,Musical Instruments,0.5
457206,Musical Instruments,1
589900,Musical Instruments,0.5
854694,Musical Instruments,0.5
861566,Musical Instruments,0.5
1244302,Musical Instruments,0.5
349142,Musical Instruments,1
56970,Musical Instruments,1
762482,Musical Instruments,1
100916,Musical Instruments,1
869312,Musical Instruments,0.5
721274,Musical Instruments,1
719920,Musical Instruments,1
846962,Musical Instruments,0.5
206986,Musical Instruments,1
813142,Musical Instruments,0.5
701662,Musical Instruments,0.5
90132,Musical Instruments,1
815182,Musical Instruments,0.5
476000,Musical Instruments,1
762240,Musical Instruments,0.5
810576,Musical Instruments,0.5
188498,Musical Instruments,0.5
1144288,Musical Instruments,0.5
180680,Musical Instruments,1
1031698,Musical Instruments,1
62252,Musical Instruments,0.5
1113008,Musical Instruments,1
807494,Musical Instruments,1
761122,Musical Instruments,1
12214,Musical Instruments,1.5
344180,Musical Instruments,1.5
185266,Musical Instruments,1.5
1076244,Musical Instruments,0.5
1036338,Musical Instruments,0.5
266682,Musical Instruments,1
615226,Musical Instruments,1
963094,Musical Instruments,1
742096,Musical Instruments,1
648492,Musical Instruments,0.5
222062,Musical Instruments,1
103662,Musical Instruments,1
742764,Musical Instruments,0.5
856950,Musical Instruments,0.5
902480,Musical Instruments,1
263846,Musical Instruments,1
1160066,Musical Instruments,0
625974,Musical Instruments,0.5
782460,Musical Instruments,0.5
147104,Musical Instruments,1
1189926,Musical Instruments,0.5
1143414,Musical Instruments,0.5
1066002,Musical Instruments,0.5
767400,Musical Instruments,0.5
492954,Musical Instruments,0.5
1129652,Musical Instruments,0.5
13216,Musical Instruments,1
760452,Musical Instruments,0.5
1152334,Musical Instruments,1
214770,Musical Instruments,0.5
1134842,Musical Instruments,0.5
139772,Musical Instruments,0.5
171598,Musical Instruments,0.5
854692,Musical Instruments,0.5
805706,Musical Instruments,0.5
618586,Musical Instruments,0.5
205764,Musical Instruments,0.5
762648,Musical Instruments,1
245722,Musical Instruments,0.5
53157,Musical Instruments,1
932842,Musical Instruments,0.5
883138,Musical Instruments,1
139788,Musical Instruments,0.5
951608,Musical Instruments,0.5
975626,Musical Instruments,0.5
1104492,Musical Instruments,0.5
1196538,Musical Instruments,0
184324,Musical Instruments,1
139794,Musical Instruments,0.5
582390,Musical Instruments,0.5
132950,Musical Instruments,0.5
845518,Musical Instruments,0.5
835616,Musical Instruments,1
101504,Musical Instruments,0.5
594852,Musical Instruments,0
806642,Musical Instruments,0
809492,Musical Instruments,0
785210,Musical Instruments,0
339382,Musical Instruments,0
963664,Musical Instruments,0
632234,Musical Instruments,0
594854,Musical Instruments,0
974704,Musical Instruments,0
545036,Musical Instruments,0
388712,Musical Instruments,0.5
383852,Musical Instruments,0
459946,Musical Instruments,0
994050,Musical Instruments,0.5
899702,Musical Instruments,0
1111562,Musical Instruments,0
320238,Musical Instruments,0.5
818786,Musical Instruments,0.5
741388,Musical Instruments,0.5
629704,Musical Instruments,0.5
839032,Musical Instruments,0.5
23683,Musical Instruments,0.5
912254,Musical Instruments,0
839030,Musical Instruments,0.5
619610,Musical Instruments,0
106358,Musical Instruments,0
742300,Musical Instruments,0
636846,Musical Instruments,0
741316,Musical Instruments,0
681390,Musical Instruments,0
1195742,Musical Instruments,0
794398,Musical Instruments,0
1232728,Musical Instruments,0
721202,Musical Instruments,0.5
1058262,Musical Instruments,0.5
132878,Musical Instruments,0
944804,Musical Instruments,0.5
939636,Musical Instruments,0.5
730702,Musical Instruments,0
993892,Musical Instruments,0
1026760,Musical Instruments,0
1223240,Musical Instruments,0
1026762,Musical Instruments,0
1234656,Musical Instruments,0
1214670,Musical Instruments,0
1272282,Musical Instruments,0
1224186,Musical Instruments,0
1265814,Musical Instruments,0
1104500,Musical Instruments,0.5
99946,Musical Instruments,1
632488,Musical Instruments,1
41890,Musical Instruments,2
385684,Musical Instruments,2
559438,Musical Instruments,0.5
760698,Musical Instruments,1
427066,Musical Instruments,1.5
444644,Musical Instruments,1
743846,Musical Instruments,1
741172,Musical Instruments,0.5
618396,Musical Instruments,0.5
1216340,Musical Instruments,0
787686,Musical Instruments,1
566856,Musical Instruments,2
592122,Musical Instruments,0.5
968026,Musical Instruments,0
778682,Musical Instruments,2
988678,Musical Instruments,2
1193950,Musical Instruments,1
592606,Musical Instruments,2
1232356,Musical Instruments,0.5
966522,Musical Instruments,1
1223310,Musical Instruments,0.5
933814,Musical Instruments,0.5
618334,Musical Instruments,0.5
812610,Musical Instruments,0.5
23861,Musical Instruments,0.5
1191088,Musical Instruments,0.5
22825,Musical Instruments,0.5
568322,Musical Instruments,0.5
1146288,Musical Instruments,0.5
618370,Musical Instruments,0.5
200722,Musical Instruments,0.5
809968,Musical Instruments,1
664764,Musical Instruments,0
854690,Musical Instruments,0.5
201894,Musical Instruments,0.5
743970,Musical Instruments,0.5
210020,Musical Instruments,0.5
263672,Musical Instruments,1
411986,Musical Instruments,0.5
139778,Musical Instruments,0.5
933816,Musical Instruments,1
676432,Musical Instruments,1
42255,Musical Instruments,1.5
112602,Musical Instruments,0.5
607360,Musical Instruments,1
521440,Musical Instruments,2.5
198692,Musical Instruments,1.5
825186,Musical Instruments,1
743932,Musical Instruments,0.5
586490,Musical Instruments,1
459804,Musical Instruments,1.5
199500,Musical Instruments,1
644654,Musical Instruments,1.5
146450,Musical Instruments,2
441996,Musical Instruments,1
1065198,Musical Instruments,1
1103526,Musical Instruments,0.5
211714,Musical Instruments,0.5
213984,Musical Instruments,0
217540,Musical Instruments,0
212438,Musical Instruments,0
212520,Musical Instruments,0
1150468,Musical Instruments,0
218596,Musical Instruments,0.5
513528,Musical Instruments,0
211026,Musical Instruments,0
847808,Musical Instruments,0
218856,Musical Instruments,0
214218,Musical Instruments,0
28295,Web Development,5
19603,Web Development,4
889438,Web Development,5
197836,Web Development,3.5
505208,Web Development,4.5
1086834,Web Development,3.5
1094964,Web Development,3
965870,Web Development,4
965528,Web Development,3.5
1078208,Web Development,3.5
642410,Web Development,5
785388,Web Development,4
1146014,Web Development,3.5
8325,Web Development,3.5
987064,Web Development,3.5
94428,Web Development,3
159070,Web Development,4
920306,Web Development,3
1089744,Web Development,3
16646,Web Development,3.5
678142,Web Development,4
948440,Web Development,3.5
924704,Web Development,3
1027342,Web Development,3
1009452,Web Development,5
1247828,Web Development,5
886300,Web Development,5
1009254,Web Development,5
1078522,Web Development,5
1002030,Web Development,5
818990,Web Development,5
520116,Web Development,5
1252318,Web Development,3
427530,Web Development,5
670034,Web Development,5
1052118,Web Development,4.5
575880,Web Development,2.5
669270,Web Development,2
1103954,Web Development,2.5
1017568,Web Development,2.5
1111844,Web Development,2.5
736940,Web Development,2
647442,Web Development,1.5
1073793,Web Development,2
176432,Web Development,3.5
158934,Web Development,3
73080,Web Development,4
1256136,Web Development,1
1124970,Web Development,2.5
771198,Web Development,4.5
391546,Web Development,3.5
629088,Web Development,4
1006894,Web Development,3
579338,Web Development,3
945320,Web Development,3
64605,Web Development,4
897146,Web Development,3.5
989452,Web Development,4
917724,Web Development,3.5
970874,Web Development,3
911474,Web Development,3.5
425910,Web Development,2
842058,Web Development,4
1250824,Web Development,1
937134,Web Development,3
796010,Web Development,3.5
752658,Web Development,3
560990,Web Development,2
1260288,Web Development,2.5
918870,Web Development,2.5
1027016,Web Development,2.5
283014,Web Development,3.5
787236,Web Development,5
1134390,Web Development,3
883000,Web Development,4
938560,Web Development,3.5
991290,Web Development,3
1165096,Web Development,3.5
1045942,Web Development,3.5
860812,Web Development,5
1070976,Web Development,3.5
939962,Web Development,5
874960,Web Development,4
28295,Web Development,5
24334,Web Development,3.5
997814,Web Development,4.5
641868,Web Development,5
1042110,Web Development,4
883002,Web Development,5
1128050,Web Development,3
1218130,Web Development,2.5
1123098,Web Development,3.5
47963,Web Development,5
671552,Web Development,5
1002676,Web Development,4.5
481002,Web Development,5
628222,Web Development,3.5
1122224,Web Development,1.5
357726,Web Development,5
162274,Web Development,4.5
555122,Web Development,3
708674,Web Development,3
1127048,Web Development,1
651032,Web Development,1
98066,Web Development,3
910838,Web Development,2
125162,Web Development,1.5
50587,Web Development,2.5
1004788,Web Development,2
959200,Web Development,3
810550,Web Development,0
473160,Web Development,5
904076,Web Development,1.5
842728,Web Development,3
314462,Web Development,5
783748,Web Development,1.5
161986,Web Development,1
823236,Web Development,1.5
936504,Web Development,2
380092,Web Development,3
884946,Web Development,4.5
98140,Web Development,3
637974,Web Development,2.5
219838,Web Development,3
749560,Web Development,2
751100,Web Development,3
446736,Web Development,3
200854,Web Development,2
470288,Web Development,5
178640,Web Development,2
412952,Web Development,2.5
1033944,Web Development,3.5
1198654,Web Development,2
1171966,Web Development,3.5
833398,Web Development,4
140238,Web Development,4
875194,Web Development,3.5
991630,Web Development,3
303514,Web Development,3.5
134144,Web Development,3.5
1115222,Web Development,3
94430,Web Development,5
788514,Web Development,3
629142,Web Development,4.5
992114,Web Development,3
379722,Web Development,3
1189288,Web Development,1.5
652438,Web Development,3.5
1052304,Web Development,3
1223012,Web Development,1
882488,Web Development,3.5
1033686,Web Development,2
723522,Web Development,3
1181900,Web Development,2
945336,Web Development,3.5
1079370,Web Development,2.5
23742,Web Development,5
266252,Web Development,5
473548,Web Development,5
920544,Web Development,5
993754,Web Development,4
1155262,Web Development,3
997964,Web Development,4
812588,Web Development,4
531954,Web Development,5
1022582,Web Development,4
1049092,Web Development,3.5
1277924,Web Development,0
964732,Web Development,2.5
947120,Web Development,3
712960,Web Development,3.5
267560,Web Development,5
763774,Web Development,4
929016,Web Development,3.5
281690,Web Development,3
399228,Web Development,2
1023062,Web Development,5
933260,Web Development,2
494078,Web Development,2
1158572,Web Development,5
629082,Web Development,2
1093734,Web Development,3
99986,Web Development,3.5
566248,Web Development,2.5
556248,Web Development,5
582392,Web Development,2.5
582636,Web Development,3
661802,Web Development,3.5
1139400,Web Development,1.5
729552,Web Development,2.5
499632,Web Development,2
959586,Web Development,3.5
16151,Web Development,3
856490,Web Development,2
861528,Web Development,3
912996,Web Development,3.5
559512,Web Development,3
922600,Web Development,2.5
976284,Web Development,3
976598,Web Development,2
718426,Web Development,2.5
304490,Web Development,3.5
15285,Web Development,4
477702,Web Development,3
875882,Web Development,1.5
861122,Web Development,2
309370,Web Development,3
802268,Web Development,4
1034520,Web Development,0.5
1016536,Web Development,1
711592,Web Development,3.5
1065250,Web Development,3
928858,Web Development,1.5
791030,Web Development,1.5
1241518,Web Development,1
944886,Web Development,1
758582,Web Development,5
1199774,Web Development,4
390866,Web Development,5
1014776,Web Development,5
929130,Web Development,5
746014,Web Development,5
11475,Web Development,5
11174,Web Development,5
945978,Web Development,5
1019276,Web Development,4.5
1252630,Web Development,3
1000010,Web Development,3.5
937586,Web Development,3.5
79154,Web Development,3
328476,Web Development,5
921474,Web Development,3
82778,Web Development,5
907386,Web Development,4
877124,Web Development,3
1169378,Web Development,2
30240,Web Development,4
836044,Web Development,4.5
405818,Web Development,5
665042,Web Development,4.5
1068590,Web Development,2.5
1203894,Web Development,2
994634,Web Development,2.5
765916,Web Development,2
128950,Web Development,5
549064,Web Development,1
400280,Web Development,1.5
382856,Web Development,3
958982,Web Development,1.5
1113036,Web Development,2.5
226534,Web Development,3
738726,Web Development,1
64422,Web Development,5
874166,Web Development,5
1197650,Web Development,2
912946,Web Development,3.5
876544,Web Development,4
1205894,Web Development,2.5
19332,Web Development,5
863954,Web Development,4.5
789324,Web Development,3.5
1229274,Web Development,1.5
906700,Web Development,3.5
113706,Web Development,3
604044,Web Development,3
531290,Web Development,3
436210,Web Development,3
617158,Web Development,3.5
1121580,Web Development,1
782192,Web Development,1.5
978728,Web Development,3
65493,Web Development,2
32649,Web Development,3
1225030,Web Development,1
903140,Web Development,2.5
372518,Web Development,3.5
1045862,Web Development,1.5
99826,Web Development,2.5
1236746,Web Development,1
1110756,Web Development,1.5
595728,Web Development,3
1231872,Web Development,0.5
876850,Web Development,3.5
113518,Web Development,3.5
1111552,Web Development,1
834924,Web Development,2.5
764042,Web Development,3.5
821526,Web Development,1.5
838418,Web Development,2.5
342084,Web Development,2
669536,Web Development,2
511378,Web Development,2
553582,Web Development,3
566920,Web Development,2
406820,Web Development,3.5
636418,Web Development,1.5
986442,Web Development,3
996320,Web Development,2
936182,Web Development,2
905850,Web Development,3
547298,Web Development,1.5
294794,Web Development,5
615920,Web Development,2
955818,Web Development,2
65330,Web Development,5
173548,Web Development,5
1183094,Web Development,1
738360,Web Development,2
650328,Web Development,2
69414,Web Development,3.5
500628,Web Development,2.5
384078,Web Development,1.5
451938,Web Development,1.5
657710,Web Development,3
977516,Web Development,1
997750,Web Development,3
316704,Web Development,3
106178,Web Development,2.5
1062686,Web Development,1
1082996,Web Development,1.5
629044,Web Development,2
476408,Web Development,2.5
1124244,Web Development,1
217010,Web Development,1.5
576694,Web Development,4.5
527952,Web Development,4.5
745306,Web Development,4.5
941998,Web Development,3.5
674608,Web Development,5
1204208,Web Development,2
957422,Web Development,3.5
511838,Web Development,3
621022,Web Development,3.5
30318,Web Development,4
1270392,Web Development,2
991094,Web Development,3.5
695656,Web Development,4.5
1174446,Web Development,2
1267892,Web Development,1.5
1149334,Web Development,1.5
1109150,Web Development,3
445534,Web Development,5
987666,Web Development,3
1134330,Web Development,2
983534,Web Development,3
563248,Web Development,3
1140532,Web Development,2
701636,Web Development,3
797832,Web Development,1.5
41295,Web Development,5
413494,Web Development,2.5
911318,Web Development,4.5
197828,Web Development,3.5
576646,Web Development,3
984072,Web Development,1.5
709180,Web Development,1
188692,Web Development,4
683606,Web Development,2.5
429364,Web Development,5
1012096,Web Development,1.5
1016388,Web Development,3
978852,Web Development,2.5
1148342,Web Development,1.5
1199780,Web Development,2
648118,Web Development,2.5
863812,Web Development,3
752432,Web Development,3
639848,Web Development,2.5
942366,Web Development,3
1103448,Web Development,2.5
945602,Web Development,2
446608,Web Development,3.5
866384,Web Development,2
678150,Web Development,3
980114,Web Development,2
17887,Web Development,2
465210,Web Development,1.5
967422,Web Development,0.5
708558,Web Development,2.5
783686,Web Development,1
551072,Web Development,2.5
1004008,Web Development,2
344224,Web Development,2.5
235104,Web Development,0.5
598970,Web Development,1
543346,Web Development,2
575644,Web Development,2
877036,Web Development,1.5
691760,Web Development,1
579182,Web Development,1
1071060,Web Development,1.5
235990,Web Development,0.5
469678,Web Development,1.5
708514,Web Development,2
601260,Web Development,2
687642,Web Development,1.5
654422,Web Development,2.5
902748,Web Development,2
634754,Web Development,2.5
1112844,Web Development,1
1026206,Web Development,1
484872,Web Development,1
773824,Web Development,2.5
846578,Web Development,2
358508,Web Development,2.5
975060,Web Development,2
904818,Web Development,2
472526,Web Development,3
241590,Web Development,2
1182108,Web Development,1
1156648,Web Development,1
642696,Web Development,2
1121696,Web Development,1.5
389240,Web Development,3
297044,Web Development,4
462668,Web Development,2
565282,Web Development,2
1011550,Web Development,1.5
409618,Web Development,3.5
1226008,Web Development,1
1211960,Web Development,1.5
1169848,Web Development,2
896858,Web Development,3.5
696016,Web Development,3
993148,Web Development,2.5
1145206,Web Development,1.5
534376,Web Development,2.5
570416,Web Development,2.5
1017116,Web Development,3
1243474,Web Development,1
732556,Web Development,3
426196,Web Development,4.5
747552,Web Development,2
556922,Web Development,2
1147064,Web Development,2
651780,Web Development,3.5
944906,Web Development,2
674646,Web Development,2
673420,Web Development,3.5
584758,Web Development,4
1189280,Web Development,1.5
543090,Web Development,3
611308,Web Development,3
959604,Web Development,3
540724,Web Development,3.5
1089652,Web Development,1.5
1049344,Web Development,3
786494,Web Development,1
611518,Web Development,3
956888,Web Development,2
188828,Web Development,3.5
382258,Web Development,2.5
955138,Web Development,1.5
1085064,Web Development,1
1038786,Web Development,1.5
512000,Web Development,3
1148412,Web Development,1
1254172,Web Development,1
1105778,Web Development,1.5
1240522,Web Development,1
903526,Web Development,2
53256,Web Development,4
1030440,Web Development,2
947498,Web Development,2
761768,Web Development,2
173134,Web Development,1.5
881210,Web Development,3
1140232,Web Development,2.5
767656,Web Development,2
671960,Web Development,3
686764,Web Development,3
862478,Web Development,3.5
834600,Web Development,2
690788,Web Development,2.5
854756,Web Development,1.5
1023668,Web Development,2
482404,Web Development,1.5
624578,Web Development,2.5
753940,Web Development,2.5
862428,Web Development,2
739770,Web Development,3
599532,Web Development,3.5
270808,Web Development,2.5
106156,Web Development,2.5
589342,Web Development,2
37684,Web Development,3
964118,Web Development,1.5
212374,Web Development,4.5
970252,Web Development,0.5
465870,Web Development,5
442504,Web Development,2
1121650,Web Development,3
737758,Web Development,2
72262,Web Development,3
443746,Web Development,0.5
416282,Web Development,3.5
645714,Web Development,3
929260,Web Development,1
683394,Web Development,1
311916,Web Development,2
1009166,Web Development,2.5
947116,Web Development,2
835712,Web Development,3
954036,Web Development,1.5
745120,Web Development,2
797040,Web Development,3
795278,Web Development,3
8324,Web Development,3.5
756914,Web Development,5
405840,Web Development,3
899534,Web Development,3
570848,Web Development,1.5
714678,Web Development,1
791610,Web Development,2
631472,Web Development,1.5
856530,Web Development,2
530092,Web Development,3.5
1211160,Web Development,0.5
977470,Web Development,1.5
504316,Web Development,2.5
389018,Web Development,2
937206,Web Development,2.5
739090,Web Development,2
720144,Web Development,3
365816,Web Development,3
977474,Web Development,2
481696,Web Development,2.5
978850,Web Development,2
825354,Web Development,3
822670,Web Development,3
65492,Web Development,2.5
1051672,Web Development,1
688968,Web Development,3.5
495484,Web Development,2
398456,Web Development,5
615084,Web Development,3
492818,Web Development,3
1055322,Web Development,3
1112604,Web Development,2
424864,Web Development,4.5
516062,Web Development,3
92760,Web Development,3.5
1064104,Web Development,3
900434,Web Development,2
609992,Web Development,3.5
77642,Web Development,3.5
269006,Web Development,3.5
151956,Web Development,3
908996,Web Development,3.5
269638,Web Development,3.5
452684,Web Development,4
844458,Web Development,3
403604,Web Development,2
549094,Web Development,1
59014,Web Development,4
45941,Web Development,3
851868,Web Development,1
814206,Web Development,1
590406,Web Development,2.5
680180,Web Development,3
899492,Web Development,0.5
1056848,Web Development,1
846412,Web Development,3
336938,Web Development,4
375136,Web Development,3
602218,Web Development,2
1022682,Web Development,1
968304,Web Development,0.5
180547,Web Development,1.5
1178762,Web Development,1
641236,Web Development,2
130168,Web Development,2
1002210,Web Development,1.5
1076424,Web Development,1
968278,Web Development,1
50528,Web Development,2.5
1075808,Web Development,3
560996,Web Development,2.5
654680,Web Development,2
975906,Web Development,3
951060,Web Development,2
1142202,Web Development,2
159760,Web Development,3
30243,Web Development,3
566910,Web Development,3
783158,Web Development,2.5
554384,Web Development,4
1027812,Web Development,2
607048,Web Development,3
704732,Web Development,3.5
574876,Web Development,2
803378,Web Development,2.5
715516,Web Development,5
101864,Web Development,3
682484,Web Development,3
657734,Web Development,3
797038,Web Development,3
1099956,Web Development,2
1211800,Web Development,1
958750,Web Development,2.5
515188,Web Development,2.5
1172740,Web Development,0.5
846832,Web Development,3.5
943306,Web Development,2
11153,Web Development,3
147908,Web Development,4.5
688092,Web Development,1.5
1047968,Web Development,3
585496,Web Development,4.5
911712,Web Development,2
803074,Web Development,2
200742,Web Development,3
1072248,Web Development,1
143028,Web Development,3
173888,Web Development,3
361620,Web Development,1
418386,Web Development,3.5
212398,Web Development,2
1097778,Web Development,1.5
653852,Web Development,1
598516,Web Development,1.5
900794,Web Development,1
564546,Web Development,2
516064,Web Development,2.5
1024844,Web Development,2
631754,Web Development,3
142666,Web Development,3.5
440006,Web Development,3
857270,Web Development,3
370752,Web Development,3.5
651990,Web Development,2
923146,Web Development,2
295843,Web Development,4.5
1170690,Web Development,2
603408,Web Development,2
578900,Web Development,1
997916,Web Development,3
856526,Web Development,4
993146,Web Development,3
63612,Web Development,5
745468,Web Development,5
986406,Web Development,3
593544,Web Development,5
1128560,Web Development,3
242574,Web Development,5
1109736,Web Development,2.5
982860,Web Development,2.5
859936,Web Development,4
532008,Web Development,1
783746,Web Development,0.5
595818,Web Development,1.5
774910,Web Development,1
447136,Web Development,2
525034,Web Development,2
769314,Web Development,1
574082,Web Development,2.5
770526,Web Development,2.5
510784,Web Development,1
551702,Web Development,2.5
311638,Web Development,2.5
631128,Web Development,5
246154,Web Development,5
967058,Web Development,5
548278,Web Development,5
1004134,Web Development,4
1025026,Web Development,5
1251786,Web Development,1.5
687466,Web Development,5
369662,Web Development,5
318638,Web Development,5
231176,Web Development,4.5
1115348,Web Development,3.5
34882,Web Development,3.5
537008,Web Development,3.5
806020,Web Development,3
1253650,Web Development,0.5
1023070,Web Development,1.5
778226,Web Development,2
1217948,Web Development,2.5
1027276,Web Development,2
531360,Web Development,3.5
958132,Web Development,2
368340,Web Development,4.5
584786,Web Development,2
584522,Web Development,1
56259,Web Development,1.5
402508,Web Development,2.5
1013380,Web Development,1
961996,Web Development,2
551962,Web Development,1.5
520870,Web Development,2
592352,Web Development,2
676554,Web Development,2.5
19422,Web Development,3
994362,Web Development,1
593128,Web Development,3.5
1053406,Web Development,2.5
580466,Web Development,5
857162,Web Development,4
1107524,Web Development,3.5
653846,Web Development,4
1090788,Web Development,3
1210652,Web Development,2
306556,Web Development,5
420652,Web Development,4.5
866460,Web Development,5
949282,Web Development,5
994740,Web Development,3
926206,Web Development,1.5
1075662,Web Development,2.5
606756,Web Development,3
1013314,Web Development,1.5
859422,Web Development,2
1035923,Web Development,3
1035940,Web Development,2
30911,Web Development,2.5
1063722,Web Development,1.5
125806,Web Development,3
1101204,Web Development,1
76052,Web Development,3.5
886614,Web Development,5
1241254,Web Development,3.5
822444,Web Development,5
904462,Web Development,5
1144726,Web Development,5
970600,Web Development,5
756150,Web Development,5
80940,Web Development,5
405282,Web Development,5
383204,Web Development,5
519442,Web Development,5
714724,Web Development,5
791414,Web Development,3.5
661774,Web Development,3.5
597256,Web Development,1.5
380582,Web Development,4
572268,Web Development,4
704582,Web Development,3
981600,Web Development,2
537282,Web Development,3
1204590,Web Development,1
128946,Web Development,5
895040,Web Development,2
955194,Web Development,2
1000574,Web Development,5
1200530,Web Development,3.5
995016,Web Development,5
1208638,Web Development,4
851712,Web Development,5
833442,Web Development,5
719002,Web Development,5
832862,Web Development,5
625204,Web Development,5
164554,Web Development,5
764164,Web Development,5
446134,Web Development,5
701634,Web Development,5
866696,Web Development,5
720356,Web Development,3
1107986,Web Development,2
772618,Web Development,5
542254,Web Development,3
928040,Web Development,2.5
369132,Web Development,3.5
777654,Web Development,4
1161118,Web Development,4
267286,Web Development,2.5
1093608,Web Development,1.5
289230,Web Development,5
364426,Web Development,5
1039062,Web Development,5
437398,Web Development,5
861624,Web Development,5
461160,Web Development,5
947098,Web Development,5
781532,Web Development,5
705264,Web Development,5
1145430,Web Development,4
806922,Web Development,5
1109926,Web Development,5
1134456,Web Development,1.5
552598,Web Development,3
56585,Web Development,3
674040,Web Development,1.5
19260,Web Development,2.5
944156,Web Development,1.5
742712,Web Development,1.5
1193538,Web Development,1.5
228934,Web Development,1.5
65355,Web Development,2.5
814848,Web Development,1
1021594,Web Development,1
548068,Web Development,2.5
738552,Web Development,1.5
128384,Web Development,3
610202,Web Development,0.5
856968,Web Development,3
352774,Web Development,2.5
130694,Web Development,1.5
1179104,Web Development,1
425084,Web Development,2.5
1016650,Web Development,0.5
1152012,Web Development,1
673196,Web Development,2
519952,Web Development,3.5
846156,Web Development,1.5
599504,Web Development,2.5
710486,Web Development,2
766592,Web Development,5
859446,Web Development,3
450068,Web Development,2
130064,Web Development,5
382786,Web Development,5
94432,Web Development,5
688872,Web Development,2.5
297390,Web Development,4
495678,Web Development,3
988982,Web Development,3
722754,Web Development,1
563668,Web Development,3.5
661878,Web Development,3
1160196,Web Development,1
335280,Web Development,2
957362,Web Development,1.5
688874,Web Development,2
343816,Web Development,2
1127988,Web Development,3
1079624,Web Development,2.5
746790,Web Development,2
1106646,Web Development,3
647564,Web Development,2.5
963378,Web Development,3
1239022,Web Development,2
650222,Web Development,2
565384,Web Development,3.5
784544,Web Development,4
340844,Web Development,5
1227322,Web Development,3
792703,Web Development,1.5
1246622,Web Development,1.5
679158,Web Development,1
808622,Web Development,5
1248974,Web Development,2.5
1090870,Web Development,3.5
1041426,Web Development,3.5
909244,Web Development,3
1102962,Web Development,3
405926,Web Development,5
186096,Web Development,3
832478,Web Development,3
708578,Web Development,5
667992,Web Development,3.5
1050632,Web Development,1.5
380178,Web Development,3
924216,Web Development,1.5
1038538,Web Development,2
421018,Web Development,2.5
768612,Web Development,2
764076,Web Development,3
59535,Web Development,4
1063430,Web Development,2
967424,Web Development,0.5
520302,Web Development,1.5
774648,Web Development,2
1116366,Web Development,1.5
523312,Web Development,2
884988,Web Development,2.5
1211366,Web Development,1.5
904890,Web Development,2.5
255878,Web Development,1.5
1052518,Web Development,1.5
824412,Web Development,1
425086,Web Development,3
420982,Web Development,2
552594,Web Development,3
477250,Web Development,2
1075570,Web Development,1.5
92194,Web Development,3
699618,Web Development,3.5
467426,Web Development,1
1166070,Web Development,3.5
1005610,Web Development,1
922750,Web Development,1.5
1201054,Web Development,2.5
177912,Web Development,3
596192,Web Development,5
1031780,Web Development,2
511934,Web Development,5
1194232,Web Development,1
1131732,Web Development,1
693726,Web Development,2
365426,Web Development,1
260444,Web Development,2
12975,Web Development,3
499904,Web Development,1.5
733694,Web Development,1
818958,Web Development,1
374590,Web Development,3
982328,Web Development,1
511942,Web Development,2.5
1024888,Web Development,3
740762,Web Development,3
646056,Web Development,3.5
545524,Web Development,1
1270222,Web Development,0.5
340362,Web Development,3
782194,Web Development,1
707962,Web Development,5
1178394,Web Development,3
1084894,Web Development,3
364616,Web Development,4.5
990532,Web Development,2
933110,Web Development,1
1158836,Web Development,1
70640,Web Development,3
1176460,Web Development,1
736250,Web Development,3.5
617886,Web Development,1.5
934570,Web Development,2
760306,Web Development,1
780058,Web Development,1.5
828042,Web Development,3.5
473338,Web Development,2
14571,Web Development,2.5
713098,Web Development,3.5
701570,Web Development,3
1198704,Web Development,1.5
807874,Web Development,3.5
607056,Web Development,2.5
587902,Web Development,2
963412,Web Development,2.5
552198,Web Development,3
916902,Web Development,2.5
778112,Web Development,2
26845,Web Development,2.5
460056,Web Development,2
641732,Web Development,1
417914,Web Development,2
707682,Web Development,1
913966,Web Development,1.5
684794,Web Development,3
326326,Web Development,3
436496,Web Development,4
525114,Web Development,2.5
709460,Web Development,2
413618,Web Development,2
821788,Web Development,2.5
392836,Web Development,1
1115126,Web Development,0.5
348920,Web Development,1
1114060,Web Development,3.5
778084,Web Development,4
1176686,Web Development,1.5
744618,Web Development,1
473622,Web Development,3
470412,Web Development,2
758208,Web Development,1
505780,Web Development,1.5
568524,Web Development,1
890810,Web Development,3.5
332252,Web Development,2
431576,Web Development,3
1115128,Web Development,1
716310,Web Development,2
467186,Web Development,1
212376,Web Development,3.5
496006,Web Development,2
756050,Web Development,2
592594,Web Development,2
520308,Web Development,1.5
494510,Web Development,1
212624,Web Development,3.5
1259422,Web Development,1.5
326244,Web Development,3.5
573716,Web Development,3
1172166,Web Development,1
1021834,Web Development,2.5
1210098,Web Development,1.5
288466,Web Development,2
581256,Web Development,3.5
1189508,Web Development,1.5
863976,Web Development,3
681514,Web Development,2.5
864482,Web Development,3
339086,Web Development,1.5
639654,Web Development,3.5
60792,Web Development,5
1054814,Web Development,3.5
948204,Web Development,1.5
1191946,Web Development,4.5
82412,Web Development,2.5
986742,Web Development,2.5
18448,Web Development,3
552258,Web Development,3.5
1020722,Web Development,1
752706,Web Development,4
633606,Web Development,1.5
461176,Web Development,3
1030774,Web Development,1.5
221920,Web Development,3
372442,Web Development,2
851560,Web Development,2.5
755932,Web Development,3
1031620,Web Development,1
416738,Web Development,1
576108,Web Development,1.5
971022,Web Development,1
966794,Web Development,2
1200874,Web Development,1
780056,Web Development,3.5
1274210,Web Development,1
615106,Web Development,1
1023196,Web Development,2.5
1249968,Web Development,1.5
565000,Web Development,3.5
760752,Web Development,2.5
419318,Web Development,4
482834,Web Development,2.5
1090194,Web Development,2
561136,Web Development,3
41356,Web Development,2.5
946310,Web Development,2
661780,Web Development,2.5
563020,Web Development,1
772224,Web Development,3
967410,Web Development,1
1007766,Web Development,1
837950,Web Development,3
737468,Web Development,3.5
394832,Web Development,4
384318,Web Development,3
294408,Web Development,3.5
564268,Web Development,2
368786,Web Development,1.5
1036170,Web Development,1.5
311538,Web Development,4
825752,Web Development,1.5
56513,Web Development,2
921560,Web Development,1.5
366608,Web Development,2
527834,Web Development,1.5
287010,Web Development,1
1019918,Web Development,2
442580,Web Development,3
388286,Web Development,1.5
368679,Web Development,3
909836,Web Development,3
328960,Web Development,2
407796,Web Development,0.5
637840,Web Development,3
954948,Web Development,2
806536,Web Development,3
947204,Web Development,1
468726,Web Development,3
697798,Web Development,1.5
30261,Web Development,3
730542,Web Development,5
524248,Web Development,2
1037666,Web Development,2
726290,Web Development,1.5
602702,Web Development,2.5
309820,Web Development,5
1163894,Web Development,1
320798,Web Development,1.5
611688,Web Development,3
495958,Web Development,3.5
652376,Web Development,2
846210,Web Development,3.5
313484,Web Development,2
883706,Web Development,3
1039596,Web Development,2
826366,Web Development,3
488220,Web Development,2
1012040,Web Development,2
669346,Web Development,1.5
123566,Web Development,3
628876,Web Development,1
378924,Web Development,2.5
869448,Web Development,1
1207382,Web Development,1.5
628430,Web Development,1.5
882128,Web Development,3
149042,Web Development,4
513958,Web Development,3
769390,Web Development,3.5
830834,Web Development,2.5
1203040,Web Development,1
564366,Web Development,3
1124280,Web Development,1.5
1135712,Web Development,1
823996,Web Development,3
260756,Web Development,4
533416,Web Development,1
672090,Web Development,2
873844,Web Development,1.5
628356,Web Development,2
362360,Web Development,1
961508,Web Development,2
1250934,Web Development,0.5
58653,Web Development,2
152244,Web Development,2.5
591116,Web Development,2
969170,Web Development,0
572270,Web Development,2
653754,Web Development,3
1034636,Web Development,1
169144,Web Development,2.5
507992,Web Development,3.5
554570,Web Development,3
284076,Web Development,4.5
1031626,Web Development,1.5
399640,Web Development,3.5
50522,Web Development,3
800148,Web Development,3
976854,Web Development,2.5
529028,Web Development,3
563880,Web Development,2.5
288258,Web Development,1
137650,Web Development,1.5
858762,Web Development,2
113888,Web Development,1.5
25615,Web Development,3
352748,Web Development,3
656522,Web Development,2
253246,Web Development,1.5
690966,Web Development,2
655298,Web Development,2
910624,Web Development,1
735796,Web Development,2
873824,Web Development,2
642940,Web Development,2
422012,Web Development,3
897314,Web Development,1.5
1008246,Web Development,2
576722,Web Development,3.5
811452,Web Development,3
990284,Web Development,0.5
212394,Web Development,2
845794,Web Development,2
1009236,Web Development,1
835346,Web Development,3
973932,Web Development,1.5
1227578,Web Development,1
954710,Web Development,2
525818,Web Development,2
1170920,Web Development,1
826568,Web Development,2
665686,Web Development,1
969348,Web Development,0
599628,Web Development,1.5
403106,Web Development,1.5
145812,Web Development,1
1115132,Web Development,0.5
935014,Web Development,0.5
616818,Web Development,1.5
264790,Web Development,2.5
943386,Web Development,1
576054,Web Development,3.5
392526,Web Development,1
258886,Web Development,2.5
155640,Web Development,4
261148,Web Development,1
939536,Web Development,1.5
368908,Web Development,2
709324,Web Development,2
366720,Web Development,2.5
554136,Web Development,1
455680,Web Development,2
667744,Web Development,1
975916,Web Development,2
1159822,Web Development,0
1018530,Web Development,0.5
516790,Web Development,1
1079078,Web Development,1.5
919354,Web Development,2
1248172,Web Development,0.5
949134,Web Development,2.5
833182,Web Development,3
654832,Web Development,2
895096,Web Development,2
459922,Web Development,2.5
577796,Web Development,1
747650,Web Development,2
761770,Web Development,1
723878,Web Development,3.5
1036028,Web Development,3
1115064,Web Development,0.5
21386,Web Development,5
968292,Web Development,1
523216,Web Development,1
270976,Web Development,3.5
679992,Web Development,3
330900,Web Development,3.5
667122,Web Development,2
865438,Web Development,2
775618,Web Development,1
1088178,Web Development,0.5
635248,Web Development,3.5
905096,Web Development,2
297602,Web Development,2
